NAME_FILE,DATE,CLASS,BACKGROUND,LIGHT,INDOOR
COLHER1a_DIA_INDOOR_FUNDO1.jpg,0,COLHER,FUNDO1,True,True
COLHER1b_DIA_INDOOR_FUNDO1.jpg,0,COLHER,FUNDO1,True,True
COLHER1c_DIA_INDOOR_FUNDO1.jpg,0,COLHER,FUNDO1,True,True
COLHER1a_DIA_OUTDOOR_FUNDO1.jpg,0,COLHER,FUNDO1,True,False
COLHER1b_DIA_OUTDOOR_FUNDO1.jpg,0,COLHER,FUNDO1,True,False
COLHER1c_DIA_OUTDOOR_FUNDO1.jpg,0,COLHER,FUNDO1,True,False
COLHER1a_NOITE_INDOOR_FUNDO1.jpg,0,COLHER,FUNDO1,False,True
COLHER1b_NOITE_INDOOR_FUNDO1.jpg,0,COLHER,FUNDO1,False,True
COLHER1c_NOITE_INDOOR_FUNDO1.jpg,0,COLHER,FUNDO1,False,True
COLHER1a_NOITE_OUTDOOR_FUNDO1.jpg,0,COLHER,FUNDO1,False,False
COLHER1b_NOITE_OUTDOOR_FUNDO1.jpg,0,COLHER,FUNDO1,False,False
COLHER1c_NOITE_OUTDOOR_FUNDO1.jpg,0,COLHER,FUNDO1,False,False
COLHER1a_DIA_INDOOR_FUNDO2.jpg,0,COLHER,FUNDO2,True,True
COLHER1b_DIA_INDOOR_FUNDO2.jpg,0,COLHER,FUNDO2,True,True
COLHER1c_DIA_INDOOR_FUNDO2.jpg,0,COLHER,FUNDO2,True,True
COLHER1a_DIA_OUTDOOR_FUNDO2.jpg,0,COLHER,FUNDO2,True,False
COLHER1b_DIA_OUTDOOR_FUNDO2.jpg,0,COLHER,FUNDO2,True,False
COLHER1c_DIA_OUTDOOR_FUNDO2.jpg,0,COLHER,FUNDO2,True,False
COLHER1a_NOITE_INDOOR_FUNDO2.jpg,0,COLHER,FUNDO2,False,True
COLHER1b_NOITE_INDOOR_FUNDO2.jpg,0,COLHER,FUNDO2,False,True
COLHER1c_NOITE_INDOOR_FUNDO2.jpg,0,COLHER,FUNDO2,False,True
COLHER1a_NOITE_OUTDOOR_FUNDO2.jpg,0,COLHER,FUNDO2,False,False
COLHER1b_NOITE_OUTDOOR_FUNDO2.jpg,0,COLHER,FUNDO2,False,False
COLHER1c_NOITE_OUTDOOR_FUNDO2.jpg,0,COLHER,FUNDO2,False,False
COLHER1a_DIA_INDOOR_FUNDO3.jpg,0,COLHER,FUNDO3,True,True
COLHER1b_DIA_INDOOR_FUNDO3.jpg,0,COLHER,FUNDO3,True,True
COLHER1c_DIA_INDOOR_FUNDO3.jpg,0,COLHER,FUNDO3,True,True
COLHER1a_DIA_OUTDOOR_FUNDO3.jpg,0,COLHER,FUNDO3,True,False
COLHER1b_DIA_OUTDOOR_FUNDO3.jpg,0,COLHER,FUNDO3,True,False
COLHER1c_DIA_OUTDOOR_FUNDO3.jpg,0,COLHER,FUNDO3,True,False
COLHER1a_NOITE_INDOOR_FUNDO3.jpg,0,COLHER,FUNDO3,False,True
COLHER1b_NOITE_INDOOR_FUNDO3.jpg,0,COLHER,FUNDO3,False,True
COLHER1c_NOITE_INDOOR_FUNDO3.jpg,0,COLHER,FUNDO3,False,True
COLHER1a_NOITE_OUTDOOR_FUNDO3.jpg,0,COLHER,FUNDO3,False,False
COLHER1b_NOITE_OUTDOOR_FUNDO3.jpg,0,COLHER,FUNDO3,False,False
COLHER1c_NOITE_OUTDOOR_FUNDO3.jpg,0,COLHER,FUNDO3,False,False
COLHER2a_DIA_INDOOR_FUNDO1.jpg,0,COLHER,FUNDO1,True,True
COLHER2b_DIA_INDOOR_FUNDO1.jpg,0,COLHER,FUNDO1,True,True
COLHER2c_DIA_INDOOR_FUNDO1.jpg,0,COLHER,FUNDO1,True,True
COLHER2a_DIA_OUTDOOR_FUNDO1.jpg,0,COLHER,FUNDO1,True,False
COLHER2b_DIA_OUTDOOR_FUNDO1.jpg,0,COLHER,FUNDO1,True,False
COLHER2c_DIA_OUTDOOR_FUNDO1.jpg,0,COLHER,FUNDO1,True,False
COLHER2a_NOITE_INDOOR_FUNDO1.jpg,0,COLHER,FUNDO1,False,True
COLHER2b_NOITE_INDOOR_FUNDO1.jpg,0,COLHER,FUNDO1,False,True
COLHER2c_NOITE_INDOOR_FUNDO1.jpg,0,COLHER,FUNDO1,False,True
COLHER2a_NOITE_OUTDOOR_FUNDO1.jpg,0,COLHER,FUNDO1,False,False
COLHER2b_NOITE_OUTDOOR_FUNDO1.jpg,0,COLHER,FUNDO1,False,False
COLHER2c_NOITE_OUTDOOR_FUNDO1.jpg,0,COLHER,FUNDO1,False,False
COLHER2a_DIA_INDOOR_FUNDO2.jpg,0,COLHER,FUNDO2,True,True
COLHER2b_DIA_INDOOR_FUNDO2.jpg,0,COLHER,FUNDO2,True,True
COLHER2c_DIA_INDOOR_FUNDO2.jpg,0,COLHER,FUNDO2,True,True
COLHER2a_DIA_OUTDOOR_FUNDO2.jpg,0,COLHER,FUNDO2,True,False
COLHER2b_DIA_OUTDOOR_FUNDO2.jpg,0,COLHER,FUNDO2,True,False
COLHER2c_DIA_OUTDOOR_FUNDO2.jpg,0,COLHER,FUNDO2,True,False
COLHER2a_NOITE_INDOOR_FUNDO2.jpg,0,COLHER,FUNDO2,False,True
COLHER2b_NOITE_INDOOR_FUNDO2.jpg,0,COLHER,FUNDO2,False,True
COLHER2c_NOITE_INDOOR_FUNDO2.jpg,0,COLHER,FUNDO2,False,True
COLHER2a_NOITE_OUTDOOR_FUNDO2.jpg,0,COLHER,FUNDO2,False,False
COLHER2b_NOITE_OUTDOOR_FUNDO2.jpg,0,COLHER,FUNDO2,False,False
COLHER2c_NOITE_OUTDOOR_FUNDO2.jpg,0,COLHER,FUNDO2,False,False
COLHER2a_DIA_INDOOR_FUNDO3.jpg,0,COLHER,FUNDO3,True,True
COLHER2b_DIA_INDOOR_FUNDO3.jpg,0,COLHER,FUNDO3,True,True
COLHER2c_DIA_INDOOR_FUNDO3.jpg,0,COLHER,FUNDO3,True,True
COLHER2a_DIA_OUTDOOR_FUNDO3.jpg,0,COLHER,FUNDO3,True,False
COLHER2b_DIA_OUTDOOR_FUNDO3.jpg,0,COLHER,FUNDO3,True,False
COLHER2c_DIA_OUTDOOR_FUNDO3.jpg,0,COLHER,FUNDO3,True,False
COLHER2a_NOITE_INDOOR_FUNDO3.jpg,0,COLHER,FUNDO3,False,True
COLHER2b_NOITE_INDOOR_FUNDO3.jpg,0,COLHER,FUNDO3,False,True
COLHER2c_NOITE_INDOOR_FUNDO3.jpg,0,COLHER,FUNDO3,False,True
COLHER2a_NOITE_OUTDOOR_FUNDO3.jpg,0,COLHER,FUNDO3,False,False
COLHER2b_NOITE_OUTDOOR_FUNDO3.jpg,0,COLHER,FUNDO3,False,False
COLHER2c_NOITE_OUTDOOR_FUNDO3.jpg,0,COLHER,FUNDO3,False,False
COLHER3a_DIA_INDOOR_FUNDO1.jpg,0,COLHER,FUNDO1,True,True
COLHER3b_DIA_INDOOR_FUNDO1.jpg,0,COLHER,FUNDO1,True,True
COLHER3c_DIA_INDOOR_FUNDO1.jpg,0,COLHER,FUNDO1,True,True
COLHER3a_DIA_OUTDOOR_FUNDO1.jpg,0,COLHER,FUNDO1,True,False
COLHER3b_DIA_OUTDOOR_FUNDO1.jpg,0,COLHER,FUNDO1,True,False
COLHER3c_DIA_OUTDOOR_FUNDO1.jpg,0,COLHER,FUNDO1,True,False
COLHER3a_NOITE_INDOOR_FUNDO1.jpg,0,COLHER,FUNDO1,False,True
COLHER3b_NOITE_INDOOR_FUNDO1.jpg,0,COLHER,FUNDO1,False,True
COLHER3c_NOITE_INDOOR_FUNDO1.jpg,0,COLHER,FUNDO1,False,True
COLHER3a_NOITE_OUTDOOR_FUNDO1.jpg,0,COLHER,FUNDO1,False,False
COLHER3b_NOITE_OUTDOOR_FUNDO1.jpg,0,COLHER,FUNDO1,False,False
COLHER3c_NOITE_OUTDOOR_FUNDO1.jpg,0,COLHER,FUNDO1,False,False
COLHER3a_DIA_INDOOR_FUNDO2.jpg,0,COLHER,FUNDO2,True,True
COLHER3b_DIA_INDOOR_FUNDO2.jpg,0,COLHER,FUNDO2,True,True
COLHER3c_DIA_INDOOR_FUNDO2.jpg,0,COLHER,FUNDO2,True,True
COLHER3a_DIA_OUTDOOR_FUNDO2.jpg,0,COLHER,FUNDO2,True,False
COLHER3b_DIA_OUTDOOR_FUNDO2.jpg,0,COLHER,FUNDO2,True,False
COLHER3c_DIA_OUTDOOR_FUNDO2.jpg,0,COLHER,FUNDO2,True,False
COLHER3a_NOITE_INDOOR_FUNDO2.jpg,0,COLHER,FUNDO2,False,True
COLHER3b_NOITE_INDOOR_FUNDO2.jpg,0,COLHER,FUNDO2,False,True
COLHER3c_NOITE_INDOOR_FUNDO2.jpg,0,COLHER,FUNDO2,False,True
COLHER3a_NOITE_OUTDOOR_FUNDO2.jpg,0,COLHER,FUNDO2,False,False
COLHER3b_NOITE_OUTDOOR_FUNDO2.jpg,0,COLHER,FUNDO2,False,False
COLHER3c_NOITE_OUTDOOR_FUNDO2.jpg,0,COLHER,FUNDO2,False,False
COLHER3a_DIA_INDOOR_FUNDO3.jpg,0,COLHER,FUNDO3,True,True
COLHER3b_DIA_INDOOR_FUNDO3.jpg,0,COLHER,FUNDO3,True,True
COLHER3c_DIA_INDOOR_FUNDO3.jpg,0,COLHER,FUNDO3,True,True
COLHER3a_DIA_OUTDOOR_FUNDO3.jpg,0,COLHER,FUNDO3,True,False
COLHER3b_DIA_OUTDOOR_FUNDO3.jpg,0,COLHER,FUNDO3,True,False
COLHER3c_DIA_OUTDOOR_FUNDO3.jpg,0,COLHER,FUNDO3,True,False
COLHER3a_NOITE_INDOOR_FUNDO3.jpg,0,COLHER,FUNDO3,False,True
COLHER3b_NOITE_INDOOR_FUNDO3.jpg,0,COLHER,FUNDO3,False,True
COLHER3c_NOITE_INDOOR_FUNDO3.jpg,0,COLHER,FUNDO3,False,True
COLHER3a_NOITE_OUTDOOR_FUNDO3.jpg,0,COLHER,FUNDO3,False,False
COLHER3b_NOITE_OUTDOOR_FUNDO3.jpg,0,COLHER,FUNDO3,False,False
COLHER3c_NOITE_OUTDOOR_FUNDO3.jpg,0,COLHER,FUNDO3,False,False
GARFO1a_DIA_INDOOR_FUNDO1.jpg,0,GARFO,FUNDO1,True,True
GARFO1b_DIA_INDOOR_FUNDO1.jpg,0,GARFO,FUNDO1,True,True
GARFO1c_DIA_INDOOR_FUNDO1.jpg,0,GARFO,FUNDO1,True,True
GARFO1a_DIA_OUTDOOR_FUNDO1.jpg,0,GARFO,FUNDO1,True,False
GARFO1b_DIA_OUTDOOR_FUNDO1.jpg,0,GARFO,FUNDO1,True,False
GARFO1c_DIA_OUTDOOR_FUNDO1.jpg,0,GARFO,FUNDO1,True,False
GARFO1a_NOITE_INDOOR_FUNDO1.jpg,0,GARFO,FUNDO1,False,True
GARFO1b_NOITE_INDOOR_FUNDO1.jpg,0,GARFO,FUNDO1,False,True
GARFO1c_NOITE_INDOOR_FUNDO1.jpg,0,GARFO,FUNDO1,False,True
GARFO1a_NOITE_OUTDOOR_FUNDO1.jpg,0,GARFO,FUNDO1,False,False
GARFO1b_NOITE_OUTDOOR_FUNDO1.jpg,0,GARFO,FUNDO1,False,False
GARFO1c_NOITE_OUTDOOR_FUNDO1.jpg,0,GARFO,FUNDO1,False,False
GARFO1a_DIA_INDOOR_FUNDO2.jpg,0,GARFO,FUNDO2,True,True
GARFO1b_DIA_INDOOR_FUNDO2.jpg,0,GARFO,FUNDO2,True,True
GARFO1c_DIA_INDOOR_FUNDO2.jpg,0,GARFO,FUNDO2,True,True
GARFO1a_DIA_OUTDOOR_FUNDO2.jpg,0,GARFO,FUNDO2,True,False
GARFO1b_DIA_OUTDOOR_FUNDO2.jpg,0,GARFO,FUNDO2,True,False
GARFO1c_DIA_OUTDOOR_FUNDO2.jpg,0,GARFO,FUNDO2,True,False
GARFO1a_NOITE_INDOOR_FUNDO2.jpg,0,GARFO,FUNDO2,False,True
GARFO1b_NOITE_INDOOR_FUNDO2.jpg,0,GARFO,FUNDO2,False,True
GARFO1c_NOITE_INDOOR_FUNDO2.jpg,0,GARFO,FUNDO2,False,True
GARFO1a_NOITE_OUTDOOR_FUNDO2.jpg,0,GARFO,FUNDO2,False,False
GARFO1b_NOITE_OUTDOOR_FUNDO2.jpg,0,GARFO,FUNDO2,False,False
GARFO1c_NOITE_OUTDOOR_FUNDO2.jpg,0,GARFO,FUNDO2,False,False
GARFO1a_DIA_INDOOR_FUNDO3.jpg,0,GARFO,FUNDO3,True,True
GARFO1b_DIA_INDOOR_FUNDO3.jpg,0,GARFO,FUNDO3,True,True
GARFO1c_DIA_INDOOR_FUNDO3.jpg,0,GARFO,FUNDO3,True,True
GARFO1a_DIA_OUTDOOR_FUNDO3.jpg,0,GARFO,FUNDO3,True,False
GARFO1b_DIA_OUTDOOR_FUNDO3.jpg,0,GARFO,FUNDO3,True,False
GARFO1c_DIA_OUTDOOR_FUNDO3.jpg,0,GARFO,FUNDO3,True,False
GARFO1a_NOITE_INDOOR_FUNDO3.jpg,0,GARFO,FUNDO3,False,True
GARFO1b_NOITE_INDOOR_FUNDO3.jpg,0,GARFO,FUNDO3,False,True
GARFO1c_NOITE_INDOOR_FUNDO3.jpg,0,GARFO,FUNDO3,False,True
GARFO1a_NOITE_OUTDOOR_FUNDO3.jpg,0,GARFO,FUNDO3,False,False
GARFO1b_NOITE_OUTDOOR_FUNDO3.jpg,0,GARFO,FUNDO3,False,False
GARFO1c_NOITE_OUTDOOR_FUNDO3.jpg,0,GARFO,FUNDO3,False,False
GARFO2a_DIA_INDOOR_FUNDO1.jpg,0,GARFO,FUNDO1,True,True
GARFO2b_DIA_INDOOR_FUNDO1.jpg,0,GARFO,FUNDO1,True,True
GARFO2c_DIA_INDOOR_FUNDO1.jpg,0,GARFO,FUNDO1,True,True
GARFO2a_DIA_OUTDOOR_FUNDO1.jpg,0,GARFO,FUNDO1,True,False
GARFO2b_DIA_OUTDOOR_FUNDO1.jpg,0,GARFO,FUNDO1,True,False
GARFO2c_DIA_OUTDOOR_FUNDO1.jpg,0,GARFO,FUNDO1,True,False
GARFO2a_NOITE_INDOOR_FUNDO1.jpg,0,GARFO,FUNDO1,False,True
GARFO2b_NOITE_INDOOR_FUNDO1.jpg,0,GARFO,FUNDO1,False,True
GARFO2c_NOITE_INDOOR_FUNDO1.jpg,0,GARFO,FUNDO1,False,True
GARFO2a_NOITE_OUTDOOR_FUNDO1.jpg,0,GARFO,FUNDO1,False,False
GARFO2b_NOITE_OUTDOOR_FUNDO1.jpg,0,GARFO,FUNDO1,False,False
GARFO2c_NOITE_OUTDOOR_FUNDO1.jpg,0,GARFO,FUNDO1,False,False
GARFO2a_DIA_INDOOR_FUNDO2.jpg,0,GARFO,FUNDO2,True,True
GARFO2b_DIA_INDOOR_FUNDO2.jpg,0,GARFO,FUNDO2,True,True
GARFO2c_DIA_INDOOR_FUNDO2.jpg,0,GARFO,FUNDO2,True,True
GARFO2a_DIA_OUTDOOR_FUNDO2.jpg,0,GARFO,FUNDO2,True,False
GARFO2b_DIA_OUTDOOR_FUNDO2.jpg,0,GARFO,FUNDO2,True,False
GARFO2c_DIA_OUTDOOR_FUNDO2.jpg,0,GARFO,FUNDO2,True,False
GARFO2a_NOITE_INDOOR_FUNDO2.jpg,0,GARFO,FUNDO2,False,True
GARFO2b_NOITE_INDOOR_FUNDO2.jpg,0,GARFO,FUNDO2,False,True
GARFO2c_NOITE_INDOOR_FUNDO2.jpg,0,GARFO,FUNDO2,False,True
GARFO2a_NOITE_OUTDOOR_FUNDO2.jpg,0,GARFO,FUNDO2,False,False
GARFO2b_NOITE_OUTDOOR_FUNDO2.jpg,0,GARFO,FUNDO2,False,False
GARFO2c_NOITE_OUTDOOR_FUNDO2.jpg,0,GARFO,FUNDO2,False,False
GARFO2a_DIA_INDOOR_FUNDO3.jpg,0,GARFO,FUNDO3,True,True
GARFO2b_DIA_INDOOR_FUNDO3.jpg,0,GARFO,FUNDO3,True,True
GARFO2c_DIA_INDOOR_FUNDO3.jpg,0,GARFO,FUNDO3,True,True
GARFO2a_DIA_OUTDOOR_FUNDO3.jpg,0,GARFO,FUNDO3,True,False
GARFO2b_DIA_OUTDOOR_FUNDO3.jpg,0,GARFO,FUNDO3,True,False
GARFO2c_DIA_OUTDOOR_FUNDO3.jpg,0,GARFO,FUNDO3,True,False
GARFO2a_NOITE_INDOOR_FUNDO3.jpg,0,GARFO,FUNDO3,False,True
GARFO2b_NOITE_INDOOR_FUNDO3.jpg,0,GARFO,FUNDO3,False,True
GARFO2c_NOITE_INDOOR_FUNDO3.jpg,0,GARFO,FUNDO3,False,True
GARFO2a_NOITE_OUTDOOR_FUNDO3.jpg,0,GARFO,FUNDO3,False,False
GARFO2b_NOITE_OUTDOOR_FUNDO3.jpg,0,GARFO,FUNDO3,False,False
GARFO2c_NOITE_OUTDOOR_FUNDO3.jpg,0,GARFO,FUNDO3,False,False
GARFO3a_DIA_INDOOR_FUNDO1.jpg,0,GARFO,FUNDO1,True,True
GARFO3b_DIA_INDOOR_FUNDO1.jpg,0,GARFO,FUNDO1,True,True
GARFO3c_DIA_INDOOR_FUNDO1.jpg,0,GARFO,FUNDO1,True,True
GARFO3a_DIA_OUTDOOR_FUNDO1.jpg,0,GARFO,FUNDO1,True,False
GARFO3b_DIA_OUTDOOR_FUNDO1.jpg,0,GARFO,FUNDO1,True,False
GARFO3c_DIA_OUTDOOR_FUNDO1.jpg,0,GARFO,FUNDO1,True,False
GARFO3a_NOITE_INDOOR_FUNDO1.jpg,0,GARFO,FUNDO1,False,True
GARFO3b_NOITE_INDOOR_FUNDO1.jpg,0,GARFO,FUNDO1,False,True
GARFO3c_NOITE_INDOOR_FUNDO1.jpg,0,GARFO,FUNDO1,False,True
GARFO3a_NOITE_OUTDOOR_FUNDO1.jpg,0,GARFO,FUNDO1,False,False
GARFO3b_NOITE_OUTDOOR_FUNDO1.jpg,0,GARFO,FUNDO1,False,False
GARFO3c_NOITE_OUTDOOR_FUNDO1.jpg,0,GARFO,FUNDO1,False,False
GARFO3a_DIA_INDOOR_FUNDO2.jpg,0,GARFO,FUNDO2,True,True
GARFO3b_DIA_INDOOR_FUNDO2.jpg,0,GARFO,FUNDO2,True,True
GARFO3c_DIA_INDOOR_FUNDO2.jpg,0,GARFO,FUNDO2,True,True
GARFO3a_DIA_OUTDOOR_FUNDO2.jpg,0,GARFO,FUNDO2,True,False
GARFO3b_DIA_OUTDOOR_FUNDO2.jpg,0,GARFO,FUNDO2,True,False
GARFO3c_DIA_OUTDOOR_FUNDO2.jpg,0,GARFO,FUNDO2,True,False
GARFO3a_NOITE_INDOOR_FUNDO2.jpg,0,GARFO,FUNDO2,False,True
GARFO3b_NOITE_INDOOR_FUNDO2.jpg,0,GARFO,FUNDO2,False,True
GARFO3c_NOITE_INDOOR_FUNDO2.jpg,0,GARFO,FUNDO2,False,True
GARFO3a_NOITE_OUTDOOR_FUNDO2.jpg,0,GARFO,FUNDO2,False,False
GARFO3b_NOITE_OUTDOOR_FUNDO2.jpg,0,GARFO,FUNDO2,False,False
GARFO3c_NOITE_OUTDOOR_FUNDO2.jpg,0,GARFO,FUNDO2,False,False
GARFO3a_DIA_INDOOR_FUNDO3.jpg,0,GARFO,FUNDO3,True,True
GARFO3b_DIA_INDOOR_FUNDO3.jpg,0,GARFO,FUNDO3,True,True
GARFO3c_DIA_INDOOR_FUNDO3.jpg,0,GARFO,FUNDO3,True,True
GARFO3a_DIA_OUTDOOR_FUNDO3.jpg,0,GARFO,FUNDO3,True,False
GARFO3b_DIA_OUTDOOR_FUNDO3.jpg,0,GARFO,FUNDO3,True,False
GARFO3c_DIA_OUTDOOR_FUNDO3.jpg,0,GARFO,FUNDO3,True,False
GARFO3a_NOITE_INDOOR_FUNDO3.jpg,0,GARFO,FUNDO3,False,True
GARFO3b_NOITE_INDOOR_FUNDO3.jpg,0,GARFO,FUNDO3,False,True
GARFO3c_NOITE_INDOOR_FUNDO3.jpg,0,GARFO,FUNDO3,False,True
GARFO3a_NOITE_OUTDOOR_FUNDO3.jpg,0,GARFO,FUNDO3,False,False
GARFO3b_NOITE_OUTDOOR_FUNDO3.jpg,0,GARFO,FUNDO3,False,False
GARFO3c_NOITE_OUTDOOR_FUNDO3.jpg,0,GARFO,FUNDO3,False,False
CANECA1a_DIA_INDOOR_FUNDO1.jpg,0,CANECA,FUNDO1,True,True
CANECA1b_DIA_INDOOR_FUNDO1.jpg,0,CANECA,FUNDO1,True,True
CANECA1c_DIA_INDOOR_FUNDO1.jpg,0,CANECA,FUNDO1,True,True
CANECA1a_DIA_OUTDOOR_FUNDO1.jpg,0,CANECA,FUNDO1,True,False
CANECA1b_DIA_OUTDOOR_FUNDO1.jpg,0,CANECA,FUNDO1,True,False
CANECA1c_DIA_OUTDOOR_FUNDO1.jpg,0,CANECA,FUNDO1,True,False
CANECA1a_NOITE_INDOOR_FUNDO1.jpg,0,CANECA,FUNDO1,False,True
CANECA1b_NOITE_INDOOR_FUNDO1.jpg,0,CANECA,FUNDO1,False,True
CANECA1c_NOITE_INDOOR_FUNDO1.jpg,0,CANECA,FUNDO1,False,True
CANECA1a_NOITE_OUTDOOR_FUNDO1.jpg,0,CANECA,FUNDO1,False,False
CANECA1b_NOITE_OUTDOOR_FUNDO1.jpg,0,CANECA,FUNDO1,False,False
CANECA1c_NOITE_OUTDOOR_FUNDO1.jpg,0,CANECA,FUNDO1,False,False
CANECA1a_DIA_INDOOR_FUNDO2.jpg,0,CANECA,FUNDO2,True,True
CANECA1b_DIA_INDOOR_FUNDO2.jpg,0,CANECA,FUNDO2,True,True
CANECA1c_DIA_INDOOR_FUNDO2.jpg,0,CANECA,FUNDO2,True,True
CANECA1a_DIA_OUTDOOR_FUNDO2.jpg,0,CANECA,FUNDO2,True,False
CANECA1b_DIA_OUTDOOR_FUNDO2.jpg,0,CANECA,FUNDO2,True,False
CANECA1c_DIA_OUTDOOR_FUNDO2.jpg,0,CANECA,FUNDO2,True,False
CANECA1a_NOITE_INDOOR_FUNDO2.jpg,0,CANECA,FUNDO2,False,True
CANECA1b_NOITE_INDOOR_FUNDO2.jpg,0,CANECA,FUNDO2,False,True
CANECA1c_NOITE_INDOOR_FUNDO2.jpg,0,CANECA,FUNDO2,False,True
CANECA1a_NOITE_OUTDOOR_FUNDO2.jpg,0,CANECA,FUNDO2,False,False
CANECA1b_NOITE_OUTDOOR_FUNDO2.jpg,0,CANECA,FUNDO2,False,False
CANECA1c_NOITE_OUTDOOR_FUNDO2.jpg,0,CANECA,FUNDO2,False,False
CANECA1a_DIA_INDOOR_FUNDO3.jpg,0,CANECA,FUNDO3,True,True
CANECA1b_DIA_INDOOR_FUNDO3.jpg,0,CANECA,FUNDO3,True,True
CANECA1c_DIA_INDOOR_FUNDO3.jpg,0,CANECA,FUNDO3,True,True
CANECA1a_DIA_OUTDOOR_FUNDO3.jpg,0,CANECA,FUNDO3,True,False
CANECA1b_DIA_OUTDOOR_FUNDO3.jpg,0,CANECA,FUNDO3,True,False
CANECA1c_DIA_OUTDOOR_FUNDO3.jpg,0,CANECA,FUNDO3,True,False
CANECA1a_NOITE_INDOOR_FUNDO3.jpg,0,CANECA,FUNDO3,False,True
CANECA1b_NOITE_INDOOR_FUNDO3.jpg,0,CANECA,FUNDO3,False,True
CANECA1c_NOITE_INDOOR_FUNDO3.jpg,0,CANECA,FUNDO3,False,True
CANECA1a_NOITE_OUTDOOR_FUNDO3.jpg,0,CANECA,FUNDO3,False,False
CANECA1b_NOITE_OUTDOOR_FUNDO3.jpg,0,CANECA,FUNDO3,False,False
CANECA1c_NOITE_OUTDOOR_FUNDO3.jpg,0,CANECA,FUNDO3,False,False
CANECA2a_DIA_INDOOR_FUNDO1.jpg,0,CANECA,FUNDO1,True,True
CANECA2b_DIA_INDOOR_FUNDO1.jpg,0,CANECA,FUNDO1,True,True
CANECA2c_DIA_INDOOR_FUNDO1.jpg,0,CANECA,FUNDO1,True,True
CANECA2a_DIA_OUTDOOR_FUNDO1.jpg,0,CANECA,FUNDO1,True,False
CANECA2b_DIA_OUTDOOR_FUNDO1.jpg,0,CANECA,FUNDO1,True,False
CANECA2c_DIA_OUTDOOR_FUNDO1.jpg,0,CANECA,FUNDO1,True,False
CANECA2a_NOITE_INDOOR_FUNDO1.jpg,0,CANECA,FUNDO1,False,True
CANECA2b_NOITE_INDOOR_FUNDO1.jpg,0,CANECA,FUNDO1,False,True
CANECA2c_NOITE_INDOOR_FUNDO1.jpg,0,CANECA,FUNDO1,False,True
CANECA2a_NOITE_OUTDOOR_FUNDO1.jpg,0,CANECA,FUNDO1,False,False
CANECA2b_NOITE_OUTDOOR_FUNDO1.jpg,0,CANECA,FUNDO1,False,False
CANECA2c_NOITE_OUTDOOR_FUNDO1.jpg,0,CANECA,FUNDO1,False,False
CANECA2a_DIA_INDOOR_FUNDO2.jpg,0,CANECA,FUNDO2,True,True
CANECA2b_DIA_INDOOR_FUNDO2.jpg,0,CANECA,FUNDO2,True,True
CANECA2c_DIA_INDOOR_FUNDO2.jpg,0,CANECA,FUNDO2,True,True
CANECA2a_DIA_OUTDOOR_FUNDO2.jpg,0,CANECA,FUNDO2,True,False
CANECA2b_DIA_OUTDOOR_FUNDO2.jpg,0,CANECA,FUNDO2,True,False
CANECA2c_DIA_OUTDOOR_FUNDO2.jpg,0,CANECA,FUNDO2,True,False
CANECA2a_NOITE_INDOOR_FUNDO2.jpg,0,CANECA,FUNDO2,False,True
CANECA2b_NOITE_INDOOR_FUNDO2.jpg,0,CANECA,FUNDO2,False,True
CANECA2c_NOITE_INDOOR_FUNDO2.jpg,0,CANECA,FUNDO2,False,True
CANECA2a_NOITE_OUTDOOR_FUNDO2.jpg,0,CANECA,FUNDO2,False,False
CANECA2b_NOITE_OUTDOOR_FUNDO2.jpg,0,CANECA,FUNDO2,False,False
CANECA2c_NOITE_OUTDOOR_FUNDO2.jpg,0,CANECA,FUNDO2,False,False
CANECA2a_DIA_INDOOR_FUNDO3.jpg,0,CANECA,FUNDO3,True,True
CANECA2b_DIA_INDOOR_FUNDO3.jpg,0,CANECA,FUNDO3,True,True
CANECA2c_DIA_INDOOR_FUNDO3.jpg,0,CANECA,FUNDO3,True,True
CANECA2a_DIA_OUTDOOR_FUNDO3.jpg,0,CANECA,FUNDO3,True,False
CANECA2b_DIA_OUTDOOR_FUNDO3.jpg,0,CANECA,FUNDO3,True,False
CANECA2c_DIA_OUTDOOR_FUNDO3.jpg,0,CANECA,FUNDO3,True,False
CANECA2a_NOITE_INDOOR_FUNDO3.jpg,0,CANECA,FUNDO3,False,True
CANECA2b_NOITE_INDOOR_FUNDO3.jpg,0,CANECA,FUNDO3,False,True
CANECA2c_NOITE_INDOOR_FUNDO3.jpg,0,CANECA,FUNDO3,False,True
CANECA2a_NOITE_OUTDOOR_FUNDO3.jpg,0,CANECA,FUNDO3,False,False
CANECA2b_NOITE_OUTDOOR_FUNDO3.jpg,0,CANECA,FUNDO3,False,False
CANECA2c_NOITE_OUTDOOR_FUNDO3.jpg,0,CANECA,FUNDO3,False,False
CANECA3a_DIA_INDOOR_FUNDO1.jpg,0,CANECA,FUNDO1,True,True
CANECA3b_DIA_INDOOR_FUNDO1.jpg,0,CANECA,FUNDO1,True,True
CANECA3c_DIA_INDOOR_FUNDO1.jpg,0,CANECA,FUNDO1,True,True
CANECA3a_DIA_OUTDOOR_FUNDO1.jpg,0,CANECA,FUNDO1,True,False
CANECA3b_DIA_OUTDOOR_FUNDO1.jpg,0,CANECA,FUNDO1,True,False
CANECA3c_DIA_OUTDOOR_FUNDO1.jpg,0,CANECA,FUNDO1,True,False
CANECA3a_NOITE_INDOOR_FUNDO1.jpg,0,CANECA,FUNDO1,False,True
CANECA3b_NOITE_INDOOR_FUNDO1.jpg,0,CANECA,FUNDO1,False,True
CANECA3c_NOITE_INDOOR_FUNDO1.jpg,0,CANECA,FUNDO1,False,True
CANECA3a_NOITE_OUTDOOR_FUNDO1.jpg,0,CANECA,FUNDO1,False,False
CANECA3b_NOITE_OUTDOOR_FUNDO1.jpg,0,CANECA,FUNDO1,False,False
CANECA3c_NOITE_OUTDOOR_FUNDO1.jpg,0,CANECA,FUNDO1,False,False
CANECA3a_DIA_INDOOR_FUNDO2.jpg,0,CANECA,FUNDO2,True,True
CANECA3b_DIA_INDOOR_FUNDO2.jpg,0,CANECA,FUNDO2,True,True
CANECA3c_DIA_INDOOR_FUNDO2.jpg,0,CANECA,FUNDO2,True,True
CANECA3a_DIA_OUTDOOR_FUNDO2.jpg,0,CANECA,FUNDO2,True,False
CANECA3b_DIA_OUTDOOR_FUNDO2.jpg,0,CANECA,FUNDO2,True,False
CANECA3c_DIA_OUTDOOR_FUNDO2.jpg,0,CANECA,FUNDO2,True,False
CANECA3a_NOITE_INDOOR_FUNDO2.jpg,0,CANECA,FUNDO2,False,True
CANECA3b_NOITE_INDOOR_FUNDO2.jpg,0,CANECA,FUNDO2,False,True
CANECA3c_NOITE_INDOOR_FUNDO2.jpg,0,CANECA,FUNDO2,False,True
CANECA3a_NOITE_OUTDOOR_FUNDO2.jpg,0,CANECA,FUNDO2,False,False
CANECA3b_NOITE_OUTDOOR_FUNDO2.jpg,0,CANECA,FUNDO2,False,False
CANECA3c_NOITE_OUTDOOR_FUNDO2.jpg,0,CANECA,FUNDO2,False,False
CANECA3a_DIA_INDOOR_FUNDO3.jpg,0,CANECA,FUNDO3,True,True
CANECA3b_DIA_INDOOR_FUNDO3.jpg,0,CANECA,FUNDO3,True,True
CANECA3c_DIA_INDOOR_FUNDO3.jpg,0,CANECA,FUNDO3,True,True
CANECA3a_DIA_OUTDOOR_FUNDO3.jpg,0,CANECA,FUNDO3,True,False
CANECA3b_DIA_OUTDOOR_FUNDO3.jpg,0,CANECA,FUNDO3,True,False
CANECA3c_DIA_OUTDOOR_FUNDO3.jpg,0,CANECA,FUNDO3,True,False
CANECA3a_NOITE_INDOOR_FUNDO3.jpg,0,CANECA,FUNDO3,False,True
CANECA3b_NOITE_INDOOR_FUNDO3.jpg,0,CANECA,FUNDO3,False,True
CANECA3c_NOITE_INDOOR_FUNDO3.jpg,0,CANECA,FUNDO3,False,True
CANECA3a_NOITE_OUTDOOR_FUNDO3.jpg,0,CANECA,FUNDO3,False,False
CANECA3b_NOITE_OUTDOOR_FUNDO3.jpg,0,CANECA,FUNDO3,False,False
CANECA3c_NOITE_OUTDOOR_FUNDO3.jpg,0,CANECA,FUNDO3,False,False
FACA1a_DIA_INDOOR_FUNDO1.jpg,0,FACA,FUNDO1,True,True
FACA1b_DIA_INDOOR_FUNDO1.jpg,0,FACA,FUNDO1,True,True
FACA1c_DIA_INDOOR_FUNDO1.jpg,0,FACA,FUNDO1,True,True
FACA1a_DIA_OUTDOOR_FUNDO1.jpg,0,FACA,FUNDO1,True,False
FACA1b_DIA_OUTDOOR_FUNDO1.jpg,0,FACA,FUNDO1,True,False
FACA1c_DIA_OUTDOOR_FUNDO1.jpg,0,FACA,FUNDO1,True,False
FACA1a_NOITE_INDOOR_FUNDO1.jpg,0,FACA,FUNDO1,False,True
FACA1b_NOITE_INDOOR_FUNDO1.jpg,0,FACA,FUNDO1,False,True
FACA1c_NOITE_INDOOR_FUNDO1.jpg,0,FACA,FUNDO1,False,True
FACA1a_NOITE_OUTDOOR_FUNDO1.jpg,0,FACA,FUNDO1,False,False
FACA1b_NOITE_OUTDOOR_FUNDO1.jpg,0,FACA,FUNDO1,False,False
FACA1c_NOITE_OUTDOOR_FUNDO1.jpg,0,FACA,FUNDO1,False,False
FACA1a_DIA_INDOOR_FUNDO2.jpg,0,FACA,FUNDO2,True,True
FACA1b_DIA_INDOOR_FUNDO2.jpg,0,FACA,FUNDO2,True,True
FACA1c_DIA_INDOOR_FUNDO2.jpg,0,FACA,FUNDO2,True,True
FACA1a_DIA_OUTDOOR_FUNDO2.jpg,0,FACA,FUNDO2,True,False
FACA1b_DIA_OUTDOOR_FUNDO2.jpg,0,FACA,FUNDO2,True,False
FACA1c_DIA_OUTDOOR_FUNDO2.jpg,0,FACA,FUNDO2,True,False
FACA1a_NOITE_INDOOR_FUNDO2.jpg,0,FACA,FUNDO2,False,True
FACA1b_NOITE_INDOOR_FUNDO2.jpg,0,FACA,FUNDO2,False,True
FACA1c_NOITE_INDOOR_FUNDO2.jpg,0,FACA,FUNDO2,False,True
FACA1a_NOITE_OUTDOOR_FUNDO2.jpg,0,FACA,FUNDO2,False,False
FACA1b_NOITE_OUTDOOR_FUNDO2.jpg,0,FACA,FUNDO2,False,False
FACA1c_NOITE_OUTDOOR_FUNDO2.jpg,0,FACA,FUNDO2,False,False
FACA1a_DIA_INDOOR_FUNDO3.jpg,0,FACA,FUNDO3,True,True
FACA1b_DIA_INDOOR_FUNDO3.jpg,0,FACA,FUNDO3,True,True
FACA1c_DIA_INDOOR_FUNDO3.jpg,0,FACA,FUNDO3,True,True
FACA1a_DIA_OUTDOOR_FUNDO3.jpg,0,FACA,FUNDO3,True,False
FACA1b_DIA_OUTDOOR_FUNDO3.jpg,0,FACA,FUNDO3,True,False
FACA1c_DIA_OUTDOOR_FUNDO3.jpg,0,FACA,FUNDO3,True,False
FACA1a_NOITE_INDOOR_FUNDO3.jpg,0,FACA,FUNDO3,False,True
FACA1b_NOITE_INDOOR_FUNDO3.jpg,0,FACA,FUNDO3,False,True
FACA1c_NOITE_INDOOR_FUNDO3.jpg,0,FACA,FUNDO3,False,True
FACA1a_NOITE_OUTDOOR_FUNDO3.jpg,0,FACA,FUNDO3,False,False
FACA1b_NOITE_OUTDOOR_FUNDO3.jpg,0,FACA,FUNDO3,False,False
FACA1c_NOITE_OUTDOOR_FUNDO3.jpg,0,FACA,FUNDO3,False,False
FACA2a_DIA_INDOOR_FUNDO1.jpg,0,FACA,FUNDO1,True,True
FACA2b_DIA_INDOOR_FUNDO1.jpg,0,FACA,FUNDO1,True,True
FACA2c_DIA_INDOOR_FUNDO1.jpg,0,FACA,FUNDO1,True,True
FACA2a_DIA_OUTDOOR_FUNDO1.jpg,0,FACA,FUNDO1,True,False
FACA2b_DIA_OUTDOOR_FUNDO1.jpg,0,FACA,FUNDO1,True,False
FACA2c_DIA_OUTDOOR_FUNDO1.jpg,0,FACA,FUNDO1,True,False
FACA2a_NOITE_INDOOR_FUNDO1.jpg,0,FACA,FUNDO1,False,True
FACA2b_NOITE_INDOOR_FUNDO1.jpg,0,FACA,FUNDO1,False,True
FACA2c_NOITE_INDOOR_FUNDO1.jpg,0,FACA,FUNDO1,False,True
FACA2a_NOITE_OUTDOOR_FUNDO1.jpg,0,FACA,FUNDO1,False,False
FACA2b_NOITE_OUTDOOR_FUNDO1.jpg,0,FACA,FUNDO1,False,False
FACA2c_NOITE_OUTDOOR_FUNDO1.jpg,0,FACA,FUNDO1,False,False
FACA2a_DIA_INDOOR_FUNDO2.jpg,0,FACA,FUNDO2,True,True
FACA2b_DIA_INDOOR_FUNDO2.jpg,0,FACA,FUNDO2,True,True
FACA2c_DIA_INDOOR_FUNDO2.jpg,0,FACA,FUNDO2,True,True
FACA2a_DIA_OUTDOOR_FUNDO2.jpg,0,FACA,FUNDO2,True,False
FACA2b_DIA_OUTDOOR_FUNDO2.jpg,0,FACA,FUNDO2,True,False
FACA2c_DIA_OUTDOOR_FUNDO2.jpg,0,FACA,FUNDO2,True,False
FACA2a_NOITE_INDOOR_FUNDO2.jpg,0,FACA,FUNDO2,False,True
FACA2b_NOITE_INDOOR_FUNDO2.jpg,0,FACA,FUNDO2,False,True
FACA2c_NOITE_INDOOR_FUNDO2.jpg,0,FACA,FUNDO2,False,True
FACA2a_NOITE_OUTDOOR_FUNDO2.jpg,0,FACA,FUNDO2,False,False
FACA2b_NOITE_OUTDOOR_FUNDO2.jpg,0,FACA,FUNDO2,False,False
FACA2c_NOITE_OUTDOOR_FUNDO2.jpg,0,FACA,FUNDO2,False,False
FACA2a_DIA_INDOOR_FUNDO3.jpg,0,FACA,FUNDO3,True,True
FACA2b_DIA_INDOOR_FUNDO3.jpg,0,FACA,FUNDO3,True,True
FACA2c_DIA_INDOOR_FUNDO3.jpg,0,FACA,FUNDO3,True,True
FACA2a_DIA_OUTDOOR_FUNDO3.jpg,0,FACA,FUNDO3,True,False
FACA2b_DIA_OUTDOOR_FUNDO3.jpg,0,FACA,FUNDO3,True,False
FACA2c_DIA_OUTDOOR_FUNDO3.jpg,0,FACA,FUNDO3,True,False
FACA2a_NOITE_INDOOR_FUNDO3.jpg,0,FACA,FUNDO3,False,True
FACA2b_NOITE_INDOOR_FUNDO3.jpg,0,FACA,FUNDO3,False,True
FACA2c_NOITE_INDOOR_FUNDO3.jpg,0,FACA,FUNDO3,False,True
FACA2a_NOITE_OUTDOOR_FUNDO3.jpg,0,FACA,FUNDO3,False,False
FACA2b_NOITE_OUTDOOR_FUNDO3.jpg,0,FACA,FUNDO3,False,False
FACA2c_NOITE_OUTDOOR_FUNDO3.jpg,0,FACA,FUNDO3,False,False
FACA3a_DIA_INDOOR_FUNDO1.jpg,0,FACA,FUNDO1,True,True
FACA3b_DIA_INDOOR_FUNDO1.jpg,0,FACA,FUNDO1,True,True
FACA3c_DIA_INDOOR_FUNDO1.jpg,0,FACA,FUNDO1,True,True
FACA3a_DIA_OUTDOOR_FUNDO1.jpg,0,FACA,FUNDO1,True,False
FACA3b_DIA_OUTDOOR_FUNDO1.jpg,0,FACA,FUNDO1,True,False
FACA3c_DIA_OUTDOOR_FUNDO1.jpg,0,FACA,FUNDO1,True,False
FACA3a_NOITE_INDOOR_FUNDO1.jpg,0,FACA,FUNDO1,False,True
FACA3b_NOITE_INDOOR_FUNDO1.jpg,0,FACA,FUNDO1,False,True
FACA3c_NOITE_INDOOR_FUNDO1.jpg,0,FACA,FUNDO1,False,True
FACA3a_NOITE_OUTDOOR_FUNDO1.jpg,0,FACA,FUNDO1,False,False
FACA3b_NOITE_OUTDOOR_FUNDO1.jpg,0,FACA,FUNDO1,False,False
FACA3c_NOITE_OUTDOOR_FUNDO1.jpg,0,FACA,FUNDO1,False,False
FACA3a_DIA_INDOOR_FUNDO2.jpg,0,FACA,FUNDO2,True,True
FACA3b_DIA_INDOOR_FUNDO2.jpg,0,FACA,FUNDO2,True,True
FACA3c_DIA_INDOOR_FUNDO2.jpg,0,FACA,FUNDO2,True,True
FACA3a_DIA_OUTDOOR_FUNDO2.jpg,0,FACA,FUNDO2,True,False
FACA3b_DIA_OUTDOOR_FUNDO2.jpg,0,FACA,FUNDO2,True,False
FACA3c_DIA_OUTDOOR_FUNDO2.jpg,0,FACA,FUNDO2,True,False
FACA3a_NOITE_INDOOR_FUNDO2.jpg,0,FACA,FUNDO2,False,True
FACA3b_NOITE_INDOOR_FUNDO2.jpg,0,FACA,FUNDO2,False,True
FACA3c_NOITE_INDOOR_FUNDO2.jpg,0,FACA,FUNDO2,False,True
FACA3a_NOITE_OUTDOOR_FUNDO2.jpg,0,FACA,FUNDO2,False,False
FACA3b_NOITE_OUTDOOR_FUNDO2.jpg,0,FACA,FUNDO2,False,False
FACA3c_NOITE_OUTDOOR_FUNDO2.jpg,0,FACA,FUNDO2,False,False
FACA3a_DIA_INDOOR_FUNDO3.jpg,0,FACA,FUNDO3,True,True
FACA3b_DIA_INDOOR_FUNDO3.jpg,0,FACA,FUNDO3,True,True
FACA3c_DIA_INDOOR_FUNDO3.jpg,0,FACA,FUNDO3,True,True
FACA3a_DIA_OUTDOOR_FUNDO3.jpg,0,FACA,FUNDO3,True,False
FACA3b_DIA_OUTDOOR_FUNDO3.jpg,0,FACA,FUNDO3,True,False
FACA3c_DIA_OUTDOOR_FUNDO3.jpg,0,FACA,FUNDO3,True,False
FACA3a_NOITE_INDOOR_FUNDO3.jpg,0,FACA,FUNDO3,False,True
FACA3b_NOITE_INDOOR_FUNDO3.jpg,0,FACA,FUNDO3,False,True
FACA3c_NOITE_INDOOR_FUNDO3.jpg,0,FACA,FUNDO3,False,True
FACA3a_NOITE_OUTDOOR_FUNDO3.jpg,0,FACA,FUNDO3,False,False
FACA3b_NOITE_OUTDOOR_FUNDO3.jpg,0,FACA,FUNDO3,False,False
FACA3c_NOITE_OUTDOOR_FUNDO3.jpg,0,FACA,FUNDO3,False,False
PANELA1a_DIA_INDOOR_FUNDO1.jpg,0,PANELA,FUNDO1,True,True
PANELA1b_DIA_INDOOR_FUNDO1.jpg,0,PANELA,FUNDO1,True,True
PANELA1c_DIA_INDOOR_FUNDO1.jpg,0,PANELA,FUNDO1,True,True
PANELA1a_DIA_OUTDOOR_FUNDO1.jpg,0,PANELA,FUNDO1,True,False
PANELA1b_DIA_OUTDOOR_FUNDO1.jpg,0,PANELA,FUNDO1,True,False
PANELA1c_DIA_OUTDOOR_FUNDO1.jpg,0,PANELA,FUNDO1,True,False
PANELA1a_NOITE_INDOOR_FUNDO1.jpg,0,PANELA,FUNDO1,False,True
PANELA1b_NOITE_INDOOR_FUNDO1.jpg,0,PANELA,FUNDO1,False,True
PANELA1c_NOITE_INDOOR_FUNDO1.jpg,0,PANELA,FUNDO1,False,True
PANELA1a_NOITE_OUTDOOR_FUNDO1.jpg,0,PANELA,FUNDO1,False,False
PANELA1b_NOITE_OUTDOOR_FUNDO1.jpg,0,PANELA,FUNDO1,False,False
PANELA1c_NOITE_OUTDOOR_FUNDO1.jpg,0,PANELA,FUNDO1,False,False
PANELA1a_DIA_INDOOR_FUNDO2.jpg,0,PANELA,FUNDO2,True,True
PANELA1b_DIA_INDOOR_FUNDO2.jpg,0,PANELA,FUNDO2,True,True
PANELA1c_DIA_INDOOR_FUNDO2.jpg,0,PANELA,FUNDO2,True,True
PANELA1a_DIA_OUTDOOR_FUNDO2.jpg,0,PANELA,FUNDO2,True,False
PANELA1b_DIA_OUTDOOR_FUNDO2.jpg,0,PANELA,FUNDO2,True,False
PANELA1c_DIA_OUTDOOR_FUNDO2.jpg,0,PANELA,FUNDO2,True,False
PANELA1a_NOITE_INDOOR_FUNDO2.jpg,0,PANELA,FUNDO2,False,True
PANELA1b_NOITE_INDOOR_FUNDO2.jpg,0,PANELA,FUNDO2,False,True
PANELA1c_NOITE_INDOOR_FUNDO2.jpg,0,PANELA,FUNDO2,False,True
PANELA1a_NOITE_OUTDOOR_FUNDO2.jpg,0,PANELA,FUNDO2,False,False
PANELA1b_NOITE_OUTDOOR_FUNDO2.jpg,0,PANELA,FUNDO2,False,False
PANELA1c_NOITE_OUTDOOR_FUNDO2.jpg,0,PANELA,FUNDO2,False,False
PANELA1a_DIA_INDOOR_FUNDO3.jpg,0,PANELA,FUNDO3,True,True
PANELA1b_DIA_INDOOR_FUNDO3.jpg,0,PANELA,FUNDO3,True,True
PANELA1c_DIA_INDOOR_FUNDO3.jpg,0,PANELA,FUNDO3,True,True
PANELA1a_DIA_OUTDOOR_FUNDO3.jpg,0,PANELA,FUNDO3,True,False
PANELA1b_DIA_OUTDOOR_FUNDO3.jpg,0,PANELA,FUNDO3,True,False
PANELA1c_DIA_OUTDOOR_FUNDO3.jpg,0,PANELA,FUNDO3,True,False
PANELA1a_NOITE_INDOOR_FUNDO3.jpg,0,PANELA,FUNDO3,False,True
PANELA1b_NOITE_INDOOR_FUNDO3.jpg,0,PANELA,FUNDO3,False,True
PANELA1c_NOITE_INDOOR_FUNDO3.jpg,0,PANELA,FUNDO3,False,True
PANELA1a_NOITE_OUTDOOR_FUNDO3.jpg,0,PANELA,FUNDO3,False,False
PANELA1b_NOITE_OUTDOOR_FUNDO3.jpg,0,PANELA,FUNDO3,False,False
PANELA1c_NOITE_OUTDOOR_FUNDO3.jpg,0,PANELA,FUNDO3,False,False
PANELA2a_DIA_INDOOR_FUNDO1.jpg,0,PANELA,FUNDO1,True,True
PANELA2b_DIA_INDOOR_FUNDO1.jpg,0,PANELA,FUNDO1,True,True
PANELA2c_DIA_INDOOR_FUNDO1.jpg,0,PANELA,FUNDO1,True,True
PANELA2a_DIA_OUTDOOR_FUNDO1.jpg,0,PANELA,FUNDO1,True,False
PANELA2b_DIA_OUTDOOR_FUNDO1.jpg,0,PANELA,FUNDO1,True,False
PANELA2c_DIA_OUTDOOR_FUNDO1.jpg,0,PANELA,FUNDO1,True,False
PANELA2a_NOITE_INDOOR_FUNDO1.jpg,0,PANELA,FUNDO1,False,True
PANELA2b_NOITE_INDOOR_FUNDO1.jpg,0,PANELA,FUNDO1,False,True
PANELA2c_NOITE_INDOOR_FUNDO1.jpg,0,PANELA,FUNDO1,False,True
PANELA2a_NOITE_OUTDOOR_FUNDO1.jpg,0,PANELA,FUNDO1,False,False
PANELA2b_NOITE_OUTDOOR_FUNDO1.jpg,0,PANELA,FUNDO1,False,False
PANELA2c_NOITE_OUTDOOR_FUNDO1.jpg,0,PANELA,FUNDO1,False,False
PANELA2a_DIA_INDOOR_FUNDO2.jpg,0,PANELA,FUNDO2,True,True
PANELA2b_DIA_INDOOR_FUNDO2.jpg,0,PANELA,FUNDO2,True,True
PANELA2c_DIA_INDOOR_FUNDO2.jpg,0,PANELA,FUNDO2,True,True
PANELA2a_DIA_OUTDOOR_FUNDO2.jpg,0,PANELA,FUNDO2,True,False
PANELA2b_DIA_OUTDOOR_FUNDO2.jpg,0,PANELA,FUNDO2,True,False
PANELA2c_DIA_OUTDOOR_FUNDO2.jpg,0,PANELA,FUNDO2,True,False
PANELA2a_NOITE_INDOOR_FUNDO2.jpg,0,PANELA,FUNDO2,False,True
PANELA2b_NOITE_INDOOR_FUNDO2.jpg,0,PANELA,FUNDO2,False,True
PANELA2c_NOITE_INDOOR_FUNDO2.jpg,0,PANELA,FUNDO2,False,True
PANELA2a_NOITE_OUTDOOR_FUNDO2.jpg,0,PANELA,FUNDO2,False,False
PANELA2b_NOITE_OUTDOOR_FUNDO2.jpg,0,PANELA,FUNDO2,False,False
PANELA2c_NOITE_OUTDOOR_FUNDO2.jpg,0,PANELA,FUNDO2,False,False
PANELA2a_DIA_INDOOR_FUNDO3.jpg,0,PANELA,FUNDO3,True,True
PANELA2b_DIA_INDOOR_FUNDO3.jpg,0,PANELA,FUNDO3,True,True
PANELA2c_DIA_INDOOR_FUNDO3.jpg,0,PANELA,FUNDO3,True,True
PANELA2a_DIA_OUTDOOR_FUNDO3.jpg,0,PANELA,FUNDO3,True,False
PANELA2b_DIA_OUTDOOR_FUNDO3.jpg,0,PANELA,FUNDO3,True,False
PANELA2c_DIA_OUTDOOR_FUNDO3.jpg,0,PANELA,FUNDO3,True,False
PANELA2a_NOITE_INDOOR_FUNDO3.jpg,0,PANELA,FUNDO3,False,True
PANELA2b_NOITE_INDOOR_FUNDO3.jpg,0,PANELA,FUNDO3,False,True
PANELA2c_NOITE_INDOOR_FUNDO3.jpg,0,PANELA,FUNDO3,False,True
PANELA2a_NOITE_OUTDOOR_FUNDO3.jpg,0,PANELA,FUNDO3,False,False
PANELA2b_NOITE_OUTDOOR_FUNDO3.jpg,0,PANELA,FUNDO3,False,False
PANELA2c_NOITE_OUTDOOR_FUNDO3.jpg,0,PANELA,FUNDO3,False,False
PANELA3a_DIA_INDOOR_FUNDO1.jpg,0,PANELA,FUNDO1,True,True
PANELA3b_DIA_INDOOR_FUNDO1.jpg,0,PANELA,FUNDO1,True,True
PANELA3c_DIA_INDOOR_FUNDO1.jpg,0,PANELA,FUNDO1,True,True
PANELA3a_DIA_OUTDOOR_FUNDO1.jpg,0,PANELA,FUNDO1,True,False
PANELA3b_DIA_OUTDOOR_FUNDO1.jpg,0,PANELA,FUNDO1,True,False
PANELA3c_DIA_OUTDOOR_FUNDO1.jpg,0,PANELA,FUNDO1,True,False
PANELA3a_NOITE_INDOOR_FUNDO1.jpg,0,PANELA,FUNDO1,False,True
PANELA3b_NOITE_INDOOR_FUNDO1.jpg,0,PANELA,FUNDO1,False,True
PANELA3c_NOITE_INDOOR_FUNDO1.jpg,0,PANELA,FUNDO1,False,True
PANELA3a_NOITE_OUTDOOR_FUNDO1.jpg,0,PANELA,FUNDO1,False,False
PANELA3b_NOITE_OUTDOOR_FUNDO1.jpg,0,PANELA,FUNDO1,False,False
PANELA3c_NOITE_OUTDOOR_FUNDO1.jpg,0,PANELA,FUNDO1,False,False
PANELA3a_DIA_INDOOR_FUNDO2.jpg,0,PANELA,FUNDO2,True,True
PANELA3b_DIA_INDOOR_FUNDO2.jpg,0,PANELA,FUNDO2,True,True
PANELA3c_DIA_INDOOR_FUNDO2.jpg,0,PANELA,FUNDO2,True,True
PANELA3a_DIA_OUTDOOR_FUNDO2.jpg,0,PANELA,FUNDO2,True,False
PANELA3b_DIA_OUTDOOR_FUNDO2.jpg,0,PANELA,FUNDO2,True,False
PANELA3c_DIA_OUTDOOR_FUNDO2.jpg,0,PANELA,FUNDO2,True,False
PANELA3a_NOITE_INDOOR_FUNDO2.jpg,0,PANELA,FUNDO2,False,True
PANELA3b_NOITE_INDOOR_FUNDO2.jpg,0,PANELA,FUNDO2,False,True
PANELA3c_NOITE_INDOOR_FUNDO2.jpg,0,PANELA,FUNDO2,False,True
PANELA3a_NOITE_OUTDOOR_FUNDO2.jpg,0,PANELA,FUNDO2,False,False
PANELA3b_NOITE_OUTDOOR_FUNDO2.jpg,0,PANELA,FUNDO2,False,False
PANELA3c_NOITE_OUTDOOR_FUNDO2.jpg,0,PANELA,FUNDO2,False,False
PANELA3a_DIA_INDOOR_FUNDO3.jpg,0,PANELA,FUNDO3,True,True
PANELA3b_DIA_INDOOR_FUNDO3.jpg,0,PANELA,FUNDO3,True,True
PANELA3c_DIA_INDOOR_FUNDO3.jpg,0,PANELA,FUNDO3,True,True
PANELA3a_DIA_OUTDOOR_FUNDO3.jpg,0,PANELA,FUNDO3,True,False
PANELA3b_DIA_OUTDOOR_FUNDO3.jpg,0,PANELA,FUNDO3,True,False
PANELA3c_DIA_OUTDOOR_FUNDO3.jpg,0,PANELA,FUNDO3,True,False
PANELA3a_NOITE_INDOOR_FUNDO3.jpg,0,PANELA,FUNDO3,False,True
PANELA3b_NOITE_INDOOR_FUNDO3.jpg,0,PANELA,FUNDO3,False,True
PANELA3c_NOITE_INDOOR_FUNDO3.jpg,0,PANELA,FUNDO3,False,True
PANELA3a_NOITE_OUTDOOR_FUNDO3.jpg,0,PANELA,FUNDO3,False,False
PANELA3b_NOITE_OUTDOOR_FUNDO3.jpg,0,PANELA,FUNDO3,False,False
PANELA3c_NOITE_OUTDOOR_FUNDO3.jpg,0,PANELA,FUNDO3,False,False
FRIGIDEIRA1a_DIA_INDOOR_FUNDO1.jpg,0,FRIGIDEIRA,FUNDO1,True,True
FRIGIDEIRA1b_DIA_INDOOR_FUNDO1.jpg,0,FRIGIDEIRA,FUNDO1,True,True
FRIGIDEIRA1c_DIA_INDOOR_FUNDO1.jpg,0,FRIGIDEIRA,FUNDO1,True,True
FRIGIDEIRA1a_DIA_OUTDOOR_FUNDO1.jpg,0,FRIGIDEIRA,FUNDO1,True,False
FRIGIDEIRA1b_DIA_OUTDOOR_FUNDO1.jpg,0,FRIGIDEIRA,FUNDO1,True,False
FRIGIDEIRA1c_DIA_OUTDOOR_FUNDO1.jpg,0,FRIGIDEIRA,FUNDO1,True,False
FRIGIDEIRA1a_NOITE_INDOOR_FUNDO1.jpg,0,FRIGIDEIRA,FUNDO1,False,True
FRIGIDEIRA1b_NOITE_INDOOR_FUNDO1.jpg,0,FRIGIDEIRA,FUNDO1,False,True
FRIGIDEIRA1c_NOITE_INDOOR_FUNDO1.jpg,0,FRIGIDEIRA,FUNDO1,False,True
FRIGIDEIRA1a_NOITE_OUTDOOR_FUNDO1.jpg,0,FRIGIDEIRA,FUNDO1,False,False
FRIGIDEIRA1b_NOITE_OUTDOOR_FUNDO1.jpg,0,FRIGIDEIRA,FUNDO1,False,False
FRIGIDEIRA1c_NOITE_OUTDOOR_FUNDO1.jpg,0,FRIGIDEIRA,FUNDO1,False,False
FRIGIDEIRA1a_DIA_INDOOR_FUNDO2.jpg,0,FRIGIDEIRA,FUNDO2,True,True
FRIGIDEIRA1b_DIA_INDOOR_FUNDO2.jpg,0,FRIGIDEIRA,FUNDO2,True,True
FRIGIDEIRA1c_DIA_INDOOR_FUNDO2.jpg,0,FRIGIDEIRA,FUNDO2,True,True
FRIGIDEIRA1a_DIA_OUTDOOR_FUNDO2.jpg,0,FRIGIDEIRA,FUNDO2,True,False
FRIGIDEIRA1b_DIA_OUTDOOR_FUNDO2.jpg,0,FRIGIDEIRA,FUNDO2,True,False
FRIGIDEIRA1c_DIA_OUTDOOR_FUNDO2.jpg,0,FRIGIDEIRA,FUNDO2,True,False
FRIGIDEIRA1a_NOITE_INDOOR_FUNDO2.jpg,0,FRIGIDEIRA,FUNDO2,False,True
FRIGIDEIRA1b_NOITE_INDOOR_FUNDO2.jpg,0,FRIGIDEIRA,FUNDO2,False,True
FRIGIDEIRA1c_NOITE_INDOOR_FUNDO2.jpg,0,FRIGIDEIRA,FUNDO2,False,True
FRIGIDEIRA1a_NOITE_OUTDOOR_FUNDO2.jpg,0,FRIGIDEIRA,FUNDO2,False,False
FRIGIDEIRA1b_NOITE_OUTDOOR_FUNDO2.jpg,0,FRIGIDEIRA,FUNDO2,False,False
FRIGIDEIRA1c_NOITE_OUTDOOR_FUNDO2.jpg,0,FRIGIDEIRA,FUNDO2,False,False
FRIGIDEIRA1a_DIA_INDOOR_FUNDO3.jpg,0,FRIGIDEIRA,FUNDO3,True,True
FRIGIDEIRA1b_DIA_INDOOR_FUNDO3.jpg,0,FRIGIDEIRA,FUNDO3,True,True
FRIGIDEIRA1c_DIA_INDOOR_FUNDO3.jpg,0,FRIGIDEIRA,FUNDO3,True,True
FRIGIDEIRA1a_DIA_OUTDOOR_FUNDO3.jpg,0,FRIGIDEIRA,FUNDO3,True,False
FRIGIDEIRA1b_DIA_OUTDOOR_FUNDO3.jpg,0,FRIGIDEIRA,FUNDO3,True,False
FRIGIDEIRA1c_DIA_OUTDOOR_FUNDO3.jpg,0,FRIGIDEIRA,FUNDO3,True,False
FRIGIDEIRA1a_NOITE_INDOOR_FUNDO3.jpg,0,FRIGIDEIRA,FUNDO3,False,True
FRIGIDEIRA1b_NOITE_INDOOR_FUNDO3.jpg,0,FRIGIDEIRA,FUNDO3,False,True
FRIGIDEIRA1c_NOITE_INDOOR_FUNDO3.jpg,0,FRIGIDEIRA,FUNDO3,False,True
FRIGIDEIRA1a_NOITE_OUTDOOR_FUNDO3.jpg,0,FRIGIDEIRA,FUNDO3,False,False
FRIGIDEIRA1b_NOITE_OUTDOOR_FUNDO3.jpg,0,FRIGIDEIRA,FUNDO3,False,False
FRIGIDEIRA1c_NOITE_OUTDOOR_FUNDO3.jpg,0,FRIGIDEIRA,FUNDO3,False,False
FRIGIDEIRA2a_DIA_INDOOR_FUNDO1.jpg,0,FRIGIDEIRA,FUNDO1,True,True
FRIGIDEIRA2b_DIA_INDOOR_FUNDO1.jpg,0,FRIGIDEIRA,FUNDO1,True,True
FRIGIDEIRA2c_DIA_INDOOR_FUNDO1.jpg,0,FRIGIDEIRA,FUNDO1,True,True
FRIGIDEIRA2a_DIA_OUTDOOR_FUNDO1.jpg,0,FRIGIDEIRA,FUNDO1,True,False
FRIGIDEIRA2b_DIA_OUTDOOR_FUNDO1.jpg,0,FRIGIDEIRA,FUNDO1,True,False
FRIGIDEIRA2c_DIA_OUTDOOR_FUNDO1.jpg,0,FRIGIDEIRA,FUNDO1,True,False
FRIGIDEIRA2a_NOITE_INDOOR_FUNDO1.jpg,0,FRIGIDEIRA,FUNDO1,False,True
FRIGIDEIRA2b_NOITE_INDOOR_FUNDO1.jpg,0,FRIGIDEIRA,FUNDO1,False,True
FRIGIDEIRA2c_NOITE_INDOOR_FUNDO1.jpg,0,FRIGIDEIRA,FUNDO1,False,True
FRIGIDEIRA2a_NOITE_OUTDOOR_FUNDO1.jpg,0,FRIGIDEIRA,FUNDO1,False,False
FRIGIDEIRA2b_NOITE_OUTDOOR_FUNDO1.jpg,0,FRIGIDEIRA,FUNDO1,False,False
FRIGIDEIRA2c_NOITE_OUTDOOR_FUNDO1.jpg,0,FRIGIDEIRA,FUNDO1,False,False
FRIGIDEIRA2a_DIA_INDOOR_FUNDO2.jpg,0,FRIGIDEIRA,FUNDO2,True,True
FRIGIDEIRA2b_DIA_INDOOR_FUNDO2.jpg,0,FRIGIDEIRA,FUNDO2,True,True
FRIGIDEIRA2c_DIA_INDOOR_FUNDO2.jpg,0,FRIGIDEIRA,FUNDO2,True,True
FRIGIDEIRA2a_DIA_OUTDOOR_FUNDO2.jpg,0,FRIGIDEIRA,FUNDO2,True,False
FRIGIDEIRA2b_DIA_OUTDOOR_FUNDO2.jpg,0,FRIGIDEIRA,FUNDO2,True,False
FRIGIDEIRA2c_DIA_OUTDOOR_FUNDO2.jpg,0,FRIGIDEIRA,FUNDO2,True,False
FRIGIDEIRA2a_NOITE_INDOOR_FUNDO2.jpg,0,FRIGIDEIRA,FUNDO2,False,True
FRIGIDEIRA2b_NOITE_INDOOR_FUNDO2.jpg,0,FRIGIDEIRA,FUNDO2,False,True
FRIGIDEIRA2c_NOITE_INDOOR_FUNDO2.jpg,0,FRIGIDEIRA,FUNDO2,False,True
FRIGIDEIRA2a_NOITE_OUTDOOR_FUNDO2.jpg,0,FRIGIDEIRA,FUNDO2,False,False
FRIGIDEIRA2b_NOITE_OUTDOOR_FUNDO2.jpg,0,FRIGIDEIRA,FUNDO2,False,False
FRIGIDEIRA2c_NOITE_OUTDOOR_FUNDO2.jpg,0,FRIGIDEIRA,FUNDO2,False,False
FRIGIDEIRA2a_DIA_INDOOR_FUNDO3.jpg,0,FRIGIDEIRA,FUNDO3,True,True
FRIGIDEIRA2b_DIA_INDOOR_FUNDO3.jpg,0,FRIGIDEIRA,FUNDO3,True,True
FRIGIDEIRA2c_DIA_INDOOR_FUNDO3.jpg,0,FRIGIDEIRA,FUNDO3,True,True
FRIGIDEIRA2a_DIA_OUTDOOR_FUNDO3.jpg,0,FRIGIDEIRA,FUNDO3,True,False
FRIGIDEIRA2b_DIA_OUTDOOR_FUNDO3.jpg,0,FRIGIDEIRA,FUNDO3,True,False
FRIGIDEIRA2c_DIA_OUTDOOR_FUNDO3.jpg,0,FRIGIDEIRA,FUNDO3,True,False
FRIGIDEIRA2a_NOITE_INDOOR_FUNDO3.jpg,0,FRIGIDEIRA,FUNDO3,False,True
FRIGIDEIRA2b_NOITE_INDOOR_FUNDO3.jpg,0,FRIGIDEIRA,FUNDO3,False,True
FRIGIDEIRA2c_NOITE_INDOOR_FUNDO3.jpg,0,FRIGIDEIRA,FUNDO3,False,True
FRIGIDEIRA2a_NOITE_OUTDOOR_FUNDO3.jpg,0,FRIGIDEIRA,FUNDO3,False,False
FRIGIDEIRA2b_NOITE_OUTDOOR_FUNDO3.jpg,0,FRIGIDEIRA,FUNDO3,False,False
FRIGIDEIRA2c_NOITE_OUTDOOR_FUNDO3.jpg,0,FRIGIDEIRA,FUNDO3,False,False
FRIGIDEIRA3a_DIA_INDOOR_FUNDO1.jpg,0,FRIGIDEIRA,FUNDO1,True,True
FRIGIDEIRA3b_DIA_INDOOR_FUNDO1.jpg,0,FRIGIDEIRA,FUNDO1,True,True
FRIGIDEIRA3c_DIA_INDOOR_FUNDO1.jpg,0,FRIGIDEIRA,FUNDO1,True,True
FRIGIDEIRA3a_DIA_OUTDOOR_FUNDO1.jpg,0,FRIGIDEIRA,FUNDO1,True,False
FRIGIDEIRA3b_DIA_OUTDOOR_FUNDO1.jpg,0,FRIGIDEIRA,FUNDO1,True,False
FRIGIDEIRA3c_DIA_OUTDOOR_FUNDO1.jpg,0,FRIGIDEIRA,FUNDO1,True,False
FRIGIDEIRA3a_NOITE_INDOOR_FUNDO1.jpg,0,FRIGIDEIRA,FUNDO1,False,True
FRIGIDEIRA3b_NOITE_INDOOR_FUNDO1.jpg,0,FRIGIDEIRA,FUNDO1,False,True
FRIGIDEIRA3c_NOITE_INDOOR_FUNDO1.jpg,0,FRIGIDEIRA,FUNDO1,False,True
FRIGIDEIRA3a_NOITE_OUTDOOR_FUNDO1.jpg,0,FRIGIDEIRA,FUNDO1,False,False
FRIGIDEIRA3b_NOITE_OUTDOOR_FUNDO1.jpg,0,FRIGIDEIRA,FUNDO1,False,False
FRIGIDEIRA3c_NOITE_OUTDOOR_FUNDO1.jpg,0,FRIGIDEIRA,FUNDO1,False,False
FRIGIDEIRA3a_DIA_INDOOR_FUNDO2.jpg,0,FRIGIDEIRA,FUNDO2,True,True
FRIGIDEIRA3b_DIA_INDOOR_FUNDO2.jpg,0,FRIGIDEIRA,FUNDO2,True,True
FRIGIDEIRA3c_DIA_INDOOR_FUNDO2.jpg,0,FRIGIDEIRA,FUNDO2,True,True
FRIGIDEIRA3a_DIA_OUTDOOR_FUNDO2.jpg,0,FRIGIDEIRA,FUNDO2,True,False
FRIGIDEIRA3b_DIA_OUTDOOR_FUNDO2.jpg,0,FRIGIDEIRA,FUNDO2,True,False
FRIGIDEIRA3c_DIA_OUTDOOR_FUNDO2.jpg,0,FRIGIDEIRA,FUNDO2,True,False
FRIGIDEIRA3a_NOITE_INDOOR_FUNDO2.jpg,0,FRIGIDEIRA,FUNDO2,False,True
FRIGIDEIRA3b_NOITE_INDOOR_FUNDO2.jpg,0,FRIGIDEIRA,FUNDO2,False,True
FRIGIDEIRA3c_NOITE_INDOOR_FUNDO2.jpg,0,FRIGIDEIRA,FUNDO2,False,True
FRIGIDEIRA3a_NOITE_OUTDOOR_FUNDO2.jpg,0,FRIGIDEIRA,FUNDO2,False,False
FRIGIDEIRA3b_NOITE_OUTDOOR_FUNDO2.jpg,0,FRIGIDEIRA,FUNDO2,False,False
FRIGIDEIRA3c_NOITE_OUTDOOR_FUNDO2.jpg,0,FRIGIDEIRA,FUNDO2,False,False
FRIGIDEIRA3a_DIA_INDOOR_FUNDO3.jpg,0,FRIGIDEIRA,FUNDO3,True,True
FRIGIDEIRA3b_DIA_INDOOR_FUNDO3.jpg,0,FRIGIDEIRA,FUNDO3,True,True
FRIGIDEIRA3c_DIA_INDOOR_FUNDO3.jpg,0,FRIGIDEIRA,FUNDO3,True,True
FRIGIDEIRA3a_DIA_OUTDOOR_FUNDO3.jpg,0,FRIGIDEIRA,FUNDO3,True,False
FRIGIDEIRA3b_DIA_OUTDOOR_FUNDO3.jpg,0,FRIGIDEIRA,FUNDO3,True,False
FRIGIDEIRA3c_DIA_OUTDOOR_FUNDO3.jpg,0,FRIGIDEIRA,FUNDO3,True,False
FRIGIDEIRA3a_NOITE_INDOOR_FUNDO3.jpg,0,FRIGIDEIRA,FUNDO3,False,True
FRIGIDEIRA3b_NOITE_INDOOR_FUNDO3.jpg,0,FRIGIDEIRA,FUNDO3,False,True
FRIGIDEIRA3c_NOITE_INDOOR_FUNDO3.jpg,0,FRIGIDEIRA,FUNDO3,False,True
FRIGIDEIRA3a_NOITE_OUTDOOR_FUNDO3.jpg,0,FRIGIDEIRA,FUNDO3,False,False
FRIGIDEIRA3b_NOITE_OUTDOOR_FUNDO3.jpg,0,FRIGIDEIRA,FUNDO3,False,False
FRIGIDEIRA3c_NOITE_OUTDOOR_FUNDO3.jpg,0,FRIGIDEIRA,FUNDO3,False,False
CONTROLE REMOTO1a_DIA_INDOOR_FUNDO1.jpg,0,CONTROLE REMOTO,FUNDO1,True,True
CONTROLE REMOTO1b_DIA_INDOOR_FUNDO1.jpg,0,CONTROLE REMOTO,FUNDO1,True,True
CONTROLE REMOTO1c_DIA_INDOOR_FUNDO1.jpg,0,CONTROLE REMOTO,FUNDO1,True,True
CONTROLE REMOTO1a_DIA_OUTDOOR_FUNDO1.jpg,0,CONTROLE REMOTO,FUNDO1,True,False
CONTROLE REMOTO1b_DIA_OUTDOOR_FUNDO1.jpg,0,CONTROLE REMOTO,FUNDO1,True,False
CONTROLE REMOTO1c_DIA_OUTDOOR_FUNDO1.jpg,0,CONTROLE REMOTO,FUNDO1,True,False
CONTROLE REMOTO1a_NOITE_INDOOR_FUNDO1.jpg,0,CONTROLE REMOTO,FUNDO1,False,True
CONTROLE REMOTO1b_NOITE_INDOOR_FUNDO1.jpg,0,CONTROLE REMOTO,FUNDO1,False,True
CONTROLE REMOTO1c_NOITE_INDOOR_FUNDO1.jpg,0,CONTROLE REMOTO,FUNDO1,False,True
CONTROLE REMOTO1a_NOITE_OUTDOOR_FUNDO1.jpg,0,CONTROLE REMOTO,FUNDO1,False,False
CONTROLE REMOTO1b_NOITE_OUTDOOR_FUNDO1.jpg,0,CONTROLE REMOTO,FUNDO1,False,False
CONTROLE REMOTO1c_NOITE_OUTDOOR_FUNDO1.jpg,0,CONTROLE REMOTO,FUNDO1,False,False
CONTROLE REMOTO1a_DIA_INDOOR_FUNDO2.jpg,0,CONTROLE REMOTO,FUNDO2,True,True
CONTROLE REMOTO1b_DIA_INDOOR_FUNDO2.jpg,0,CONTROLE REMOTO,FUNDO2,True,True
CONTROLE REMOTO1c_DIA_INDOOR_FUNDO2.jpg,0,CONTROLE REMOTO,FUNDO2,True,True
CONTROLE REMOTO1a_DIA_OUTDOOR_FUNDO2.jpg,0,CONTROLE REMOTO,FUNDO2,True,False
CONTROLE REMOTO1b_DIA_OUTDOOR_FUNDO2.jpg,0,CONTROLE REMOTO,FUNDO2,True,False
CONTROLE REMOTO1c_DIA_OUTDOOR_FUNDO2.jpg,0,CONTROLE REMOTO,FUNDO2,True,False
CONTROLE REMOTO1a_NOITE_INDOOR_FUNDO2.jpg,0,CONTROLE REMOTO,FUNDO2,False,True
CONTROLE REMOTO1b_NOITE_INDOOR_FUNDO2.jpg,0,CONTROLE REMOTO,FUNDO2,False,True
CONTROLE REMOTO1c_NOITE_INDOOR_FUNDO2.jpg,0,CONTROLE REMOTO,FUNDO2,False,True
CONTROLE REMOTO1a_NOITE_OUTDOOR_FUNDO2.jpg,0,CONTROLE REMOTO,FUNDO2,False,False
CONTROLE REMOTO1b_NOITE_OUTDOOR_FUNDO2.jpg,0,CONTROLE REMOTO,FUNDO2,False,False
CONTROLE REMOTO1c_NOITE_OUTDOOR_FUNDO2.jpg,0,CONTROLE REMOTO,FUNDO2,False,False
CONTROLE REMOTO1a_DIA_INDOOR_FUNDO3.jpg,0,CONTROLE REMOTO,FUNDO3,True,True
CONTROLE REMOTO1b_DIA_INDOOR_FUNDO3.jpg,0,CONTROLE REMOTO,FUNDO3,True,True
CONTROLE REMOTO1c_DIA_INDOOR_FUNDO3.jpg,0,CONTROLE REMOTO,FUNDO3,True,True
CONTROLE REMOTO1a_DIA_OUTDOOR_FUNDO3.jpg,0,CONTROLE REMOTO,FUNDO3,True,False
CONTROLE REMOTO1b_DIA_OUTDOOR_FUNDO3.jpg,0,CONTROLE REMOTO,FUNDO3,True,False
CONTROLE REMOTO1c_DIA_OUTDOOR_FUNDO3.jpg,0,CONTROLE REMOTO,FUNDO3,True,False
CONTROLE REMOTO1a_NOITE_INDOOR_FUNDO3.jpg,0,CONTROLE REMOTO,FUNDO3,False,True
CONTROLE REMOTO1b_NOITE_INDOOR_FUNDO3.jpg,0,CONTROLE REMOTO,FUNDO3,False,True
CONTROLE REMOTO1c_NOITE_INDOOR_FUNDO3.jpg,0,CONTROLE REMOTO,FUNDO3,False,True
CONTROLE REMOTO1a_NOITE_OUTDOOR_FUNDO3.jpg,0,CONTROLE REMOTO,FUNDO3,False,False
CONTROLE REMOTO1b_NOITE_OUTDOOR_FUNDO3.jpg,0,CONTROLE REMOTO,FUNDO3,False,False
CONTROLE REMOTO1c_NOITE_OUTDOOR_FUNDO3.jpg,0,CONTROLE REMOTO,FUNDO3,False,False
CONTROLE REMOTO2a_DIA_INDOOR_FUNDO1.jpg,0,CONTROLE REMOTO,FUNDO1,True,True
CONTROLE REMOTO2b_DIA_INDOOR_FUNDO1.jpg,0,CONTROLE REMOTO,FUNDO1,True,True
CONTROLE REMOTO2c_DIA_INDOOR_FUNDO1.jpg,0,CONTROLE REMOTO,FUNDO1,True,True
CONTROLE REMOTO2a_DIA_OUTDOOR_FUNDO1.jpg,0,CONTROLE REMOTO,FUNDO1,True,False
CONTROLE REMOTO2b_DIA_OUTDOOR_FUNDO1.jpg,0,CONTROLE REMOTO,FUNDO1,True,False
CONTROLE REMOTO2c_DIA_OUTDOOR_FUNDO1.jpg,0,CONTROLE REMOTO,FUNDO1,True,False
CONTROLE REMOTO2a_NOITE_INDOOR_FUNDO1.jpg,0,CONTROLE REMOTO,FUNDO1,False,True
CONTROLE REMOTO2b_NOITE_INDOOR_FUNDO1.jpg,0,CONTROLE REMOTO,FUNDO1,False,True
CONTROLE REMOTO2c_NOITE_INDOOR_FUNDO1.jpg,0,CONTROLE REMOTO,FUNDO1,False,True
CONTROLE REMOTO2a_NOITE_OUTDOOR_FUNDO1.jpg,0,CONTROLE REMOTO,FUNDO1,False,False
CONTROLE REMOTO2b_NOITE_OUTDOOR_FUNDO1.jpg,0,CONTROLE REMOTO,FUNDO1,False,False
CONTROLE REMOTO2c_NOITE_OUTDOOR_FUNDO1.jpg,0,CONTROLE REMOTO,FUNDO1,False,False
CONTROLE REMOTO2a_DIA_INDOOR_FUNDO2.jpg,0,CONTROLE REMOTO,FUNDO2,True,True
CONTROLE REMOTO2b_DIA_INDOOR_FUNDO2.jpg,0,CONTROLE REMOTO,FUNDO2,True,True
CONTROLE REMOTO2c_DIA_INDOOR_FUNDO2.jpg,0,CONTROLE REMOTO,FUNDO2,True,True
CONTROLE REMOTO2a_DIA_OUTDOOR_FUNDO2.jpg,0,CONTROLE REMOTO,FUNDO2,True,False
CONTROLE REMOTO2b_DIA_OUTDOOR_FUNDO2.jpg,0,CONTROLE REMOTO,FUNDO2,True,False
CONTROLE REMOTO2c_DIA_OUTDOOR_FUNDO2.jpg,0,CONTROLE REMOTO,FUNDO2,True,False
CONTROLE REMOTO2a_NOITE_INDOOR_FUNDO2.jpg,0,CONTROLE REMOTO,FUNDO2,False,True
CONTROLE REMOTO2b_NOITE_INDOOR_FUNDO2.jpg,0,CONTROLE REMOTO,FUNDO2,False,True
CONTROLE REMOTO2c_NOITE_INDOOR_FUNDO2.jpg,0,CONTROLE REMOTO,FUNDO2,False,True
CONTROLE REMOTO2a_NOITE_OUTDOOR_FUNDO2.jpg,0,CONTROLE REMOTO,FUNDO2,False,False
CONTROLE REMOTO2b_NOITE_OUTDOOR_FUNDO2.jpg,0,CONTROLE REMOTO,FUNDO2,False,False
CONTROLE REMOTO2c_NOITE_OUTDOOR_FUNDO2.jpg,0,CONTROLE REMOTO,FUNDO2,False,False
CONTROLE REMOTO2a_DIA_INDOOR_FUNDO3.jpg,0,CONTROLE REMOTO,FUNDO3,True,True
CONTROLE REMOTO2b_DIA_INDOOR_FUNDO3.jpg,0,CONTROLE REMOTO,FUNDO3,True,True
CONTROLE REMOTO2c_DIA_INDOOR_FUNDO3.jpg,0,CONTROLE REMOTO,FUNDO3,True,True
CONTROLE REMOTO2a_DIA_OUTDOOR_FUNDO3.jpg,0,CONTROLE REMOTO,FUNDO3,True,False
CONTROLE REMOTO2b_DIA_OUTDOOR_FUNDO3.jpg,0,CONTROLE REMOTO,FUNDO3,True,False
CONTROLE REMOTO2c_DIA_OUTDOOR_FUNDO3.jpg,0,CONTROLE REMOTO,FUNDO3,True,False
CONTROLE REMOTO2a_NOITE_INDOOR_FUNDO3.jpg,0,CONTROLE REMOTO,FUNDO3,False,True
CONTROLE REMOTO2b_NOITE_INDOOR_FUNDO3.jpg,0,CONTROLE REMOTO,FUNDO3,False,True
CONTROLE REMOTO2c_NOITE_INDOOR_FUNDO3.jpg,0,CONTROLE REMOTO,FUNDO3,False,True
CONTROLE REMOTO2a_NOITE_OUTDOOR_FUNDO3.jpg,0,CONTROLE REMOTO,FUNDO3,False,False
CONTROLE REMOTO2b_NOITE_OUTDOOR_FUNDO3.jpg,0,CONTROLE REMOTO,FUNDO3,False,False
CONTROLE REMOTO2c_NOITE_OUTDOOR_FUNDO3.jpg,0,CONTROLE REMOTO,FUNDO3,False,False
CONTROLE REMOTO3a_DIA_INDOOR_FUNDO1.jpg,0,CONTROLE REMOTO,FUNDO1,True,True
CONTROLE REMOTO3b_DIA_INDOOR_FUNDO1.jpg,0,CONTROLE REMOTO,FUNDO1,True,True
CONTROLE REMOTO3c_DIA_INDOOR_FUNDO1.jpg,0,CONTROLE REMOTO,FUNDO1,True,True
CONTROLE REMOTO3a_DIA_OUTDOOR_FUNDO1.jpg,0,CONTROLE REMOTO,FUNDO1,True,False
CONTROLE REMOTO3b_DIA_OUTDOOR_FUNDO1.jpg,0,CONTROLE REMOTO,FUNDO1,True,False
CONTROLE REMOTO3c_DIA_OUTDOOR_FUNDO1.jpg,0,CONTROLE REMOTO,FUNDO1,True,False
CONTROLE REMOTO3a_NOITE_INDOOR_FUNDO1.jpg,0,CONTROLE REMOTO,FUNDO1,False,True
CONTROLE REMOTO3b_NOITE_INDOOR_FUNDO1.jpg,0,CONTROLE REMOTO,FUNDO1,False,True
CONTROLE REMOTO3c_NOITE_INDOOR_FUNDO1.jpg,0,CONTROLE REMOTO,FUNDO1,False,True
CONTROLE REMOTO3a_NOITE_OUTDOOR_FUNDO1.jpg,0,CONTROLE REMOTO,FUNDO1,False,False
CONTROLE REMOTO3b_NOITE_OUTDOOR_FUNDO1.jpg,0,CONTROLE REMOTO,FUNDO1,False,False
CONTROLE REMOTO3c_NOITE_OUTDOOR_FUNDO1.jpg,0,CONTROLE REMOTO,FUNDO1,False,False
CONTROLE REMOTO3a_DIA_INDOOR_FUNDO2.jpg,0,CONTROLE REMOTO,FUNDO2,True,True
CONTROLE REMOTO3b_DIA_INDOOR_FUNDO2.jpg,0,CONTROLE REMOTO,FUNDO2,True,True
CONTROLE REMOTO3c_DIA_INDOOR_FUNDO2.jpg,0,CONTROLE REMOTO,FUNDO2,True,True
CONTROLE REMOTO3a_DIA_OUTDOOR_FUNDO2.jpg,0,CONTROLE REMOTO,FUNDO2,True,False
CONTROLE REMOTO3b_DIA_OUTDOOR_FUNDO2.jpg,0,CONTROLE REMOTO,FUNDO2,True,False
CONTROLE REMOTO3c_DIA_OUTDOOR_FUNDO2.jpg,0,CONTROLE REMOTO,FUNDO2,True,False
CONTROLE REMOTO3a_NOITE_INDOOR_FUNDO2.jpg,0,CONTROLE REMOTO,FUNDO2,False,True
CONTROLE REMOTO3b_NOITE_INDOOR_FUNDO2.jpg,0,CONTROLE REMOTO,FUNDO2,False,True
CONTROLE REMOTO3c_NOITE_INDOOR_FUNDO2.jpg,0,CONTROLE REMOTO,FUNDO2,False,True
CONTROLE REMOTO3a_NOITE_OUTDOOR_FUNDO2.jpg,0,CONTROLE REMOTO,FUNDO2,False,False
CONTROLE REMOTO3b_NOITE_OUTDOOR_FUNDO2.jpg,0,CONTROLE REMOTO,FUNDO2,False,False
CONTROLE REMOTO3c_NOITE_OUTDOOR_FUNDO2.jpg,0,CONTROLE REMOTO,FUNDO2,False,False
CONTROLE REMOTO3a_DIA_INDOOR_FUNDO3.jpg,0,CONTROLE REMOTO,FUNDO3,True,True
CONTROLE REMOTO3b_DIA_INDOOR_FUNDO3.jpg,0,CONTROLE REMOTO,FUNDO3,True,True
CONTROLE REMOTO3c_DIA_INDOOR_FUNDO3.jpg,0,CONTROLE REMOTO,FUNDO3,True,True
CONTROLE REMOTO3a_DIA_OUTDOOR_FUNDO3.jpg,0,CONTROLE REMOTO,FUNDO3,True,False
CONTROLE REMOTO3b_DIA_OUTDOOR_FUNDO3.jpg,0,CONTROLE REMOTO,FUNDO3,True,False
CONTROLE REMOTO3c_DIA_OUTDOOR_FUNDO3.jpg,0,CONTROLE REMOTO,FUNDO3,True,False
CONTROLE REMOTO3a_NOITE_INDOOR_FUNDO3.jpg,0,CONTROLE REMOTO,FUNDO3,False,True
CONTROLE REMOTO3b_NOITE_INDOOR_FUNDO3.jpg,0,CONTROLE REMOTO,FUNDO3,False,True
CONTROLE REMOTO3c_NOITE_INDOOR_FUNDO3.jpg,0,CONTROLE REMOTO,FUNDO3,False,True
CONTROLE REMOTO3a_NOITE_OUTDOOR_FUNDO3.jpg,0,CONTROLE REMOTO,FUNDO3,False,False
CONTROLE REMOTO3b_NOITE_OUTDOOR_FUNDO3.jpg,0,CONTROLE REMOTO,FUNDO3,False,False
CONTROLE REMOTO3c_NOITE_OUTDOOR_FUNDO3.jpg,0,CONTROLE REMOTO,FUNDO3,False,False
CALCA1a_DIA_INDOOR_FUNDO1.jpg,0,CALCA,FUNDO1,True,True
CALCA1b_DIA_INDOOR_FUNDO1.jpg,0,CALCA,FUNDO1,True,True
CALCA1c_DIA_INDOOR_FUNDO1.jpg,0,CALCA,FUNDO1,True,True
CALCA1a_DIA_OUTDOOR_FUNDO1.jpg,0,CALCA,FUNDO1,True,False
CALCA1b_DIA_OUTDOOR_FUNDO1.jpg,0,CALCA,FUNDO1,True,False
CALCA1c_DIA_OUTDOOR_FUNDO1.jpg,0,CALCA,FUNDO1,True,False
CALCA1a_NOITE_INDOOR_FUNDO1.jpg,0,CALCA,FUNDO1,False,True
CALCA1b_NOITE_INDOOR_FUNDO1.jpg,0,CALCA,FUNDO1,False,True
CALCA1c_NOITE_INDOOR_FUNDO1.jpg,0,CALCA,FUNDO1,False,True
CALCA1a_NOITE_OUTDOOR_FUNDO1.jpg,0,CALCA,FUNDO1,False,False
CALCA1b_NOITE_OUTDOOR_FUNDO1.jpg,0,CALCA,FUNDO1,False,False
CALCA1c_NOITE_OUTDOOR_FUNDO1.jpg,0,CALCA,FUNDO1,False,False
CALCA1a_DIA_INDOOR_FUNDO2.jpg,0,CALCA,FUNDO2,True,True
CALCA1b_DIA_INDOOR_FUNDO2.jpg,0,CALCA,FUNDO2,True,True
CALCA1c_DIA_INDOOR_FUNDO2.jpg,0,CALCA,FUNDO2,True,True
CALCA1a_DIA_OUTDOOR_FUNDO2.jpg,0,CALCA,FUNDO2,True,False
CALCA1b_DIA_OUTDOOR_FUNDO2.jpg,0,CALCA,FUNDO2,True,False
CALCA1c_DIA_OUTDOOR_FUNDO2.jpg,0,CALCA,FUNDO2,True,False
CALCA1a_NOITE_INDOOR_FUNDO2.jpg,0,CALCA,FUNDO2,False,True
CALCA1b_NOITE_INDOOR_FUNDO2.jpg,0,CALCA,FUNDO2,False,True
CALCA1c_NOITE_INDOOR_FUNDO2.jpg,0,CALCA,FUNDO2,False,True
CALCA1a_NOITE_OUTDOOR_FUNDO2.jpg,0,CALCA,FUNDO2,False,False
CALCA1b_NOITE_OUTDOOR_FUNDO2.jpg,0,CALCA,FUNDO2,False,False
CALCA1c_NOITE_OUTDOOR_FUNDO2.jpg,0,CALCA,FUNDO2,False,False
CALCA1a_DIA_INDOOR_FUNDO3.jpg,0,CALCA,FUNDO3,True,True
CALCA1b_DIA_INDOOR_FUNDO3.jpg,0,CALCA,FUNDO3,True,True
CALCA1c_DIA_INDOOR_FUNDO3.jpg,0,CALCA,FUNDO3,True,True
CALCA1a_DIA_OUTDOOR_FUNDO3.jpg,0,CALCA,FUNDO3,True,False
CALCA1b_DIA_OUTDOOR_FUNDO3.jpg,0,CALCA,FUNDO3,True,False
CALCA1c_DIA_OUTDOOR_FUNDO3.jpg,0,CALCA,FUNDO3,True,False
CALCA1a_NOITE_INDOOR_FUNDO3.jpg,0,CALCA,FUNDO3,False,True
CALCA1b_NOITE_INDOOR_FUNDO3.jpg,0,CALCA,FUNDO3,False,True
CALCA1c_NOITE_INDOOR_FUNDO3.jpg,0,CALCA,FUNDO3,False,True
CALCA1a_NOITE_OUTDOOR_FUNDO3.jpg,0,CALCA,FUNDO3,False,False
CALCA1b_NOITE_OUTDOOR_FUNDO3.jpg,0,CALCA,FUNDO3,False,False
CALCA1c_NOITE_OUTDOOR_FUNDO3.jpg,0,CALCA,FUNDO3,False,False
CALCA2a_DIA_INDOOR_FUNDO1.jpg,0,CALCA,FUNDO1,True,True
CALCA2b_DIA_INDOOR_FUNDO1.jpg,0,CALCA,FUNDO1,True,True
CALCA2c_DIA_INDOOR_FUNDO1.jpg,0,CALCA,FUNDO1,True,True
CALCA2a_DIA_OUTDOOR_FUNDO1.jpg,0,CALCA,FUNDO1,True,False
CALCA2b_DIA_OUTDOOR_FUNDO1.jpg,0,CALCA,FUNDO1,True,False
CALCA2c_DIA_OUTDOOR_FUNDO1.jpg,0,CALCA,FUNDO1,True,False
CALCA2a_NOITE_INDOOR_FUNDO1.jpg,0,CALCA,FUNDO1,False,True
CALCA2b_NOITE_INDOOR_FUNDO1.jpg,0,CALCA,FUNDO1,False,True
CALCA2c_NOITE_INDOOR_FUNDO1.jpg,0,CALCA,FUNDO1,False,True
CALCA2a_NOITE_OUTDOOR_FUNDO1.jpg,0,CALCA,FUNDO1,False,False
CALCA2b_NOITE_OUTDOOR_FUNDO1.jpg,0,CALCA,FUNDO1,False,False
CALCA2c_NOITE_OUTDOOR_FUNDO1.jpg,0,CALCA,FUNDO1,False,False
CALCA2a_DIA_INDOOR_FUNDO2.jpg,0,CALCA,FUNDO2,True,True
CALCA2b_DIA_INDOOR_FUNDO2.jpg,0,CALCA,FUNDO2,True,True
CALCA2c_DIA_INDOOR_FUNDO2.jpg,0,CALCA,FUNDO2,True,True
CALCA2a_DIA_OUTDOOR_FUNDO2.jpg,0,CALCA,FUNDO2,True,False
CALCA2b_DIA_OUTDOOR_FUNDO2.jpg,0,CALCA,FUNDO2,True,False
CALCA2c_DIA_OUTDOOR_FUNDO2.jpg,0,CALCA,FUNDO2,True,False
CALCA2a_NOITE_INDOOR_FUNDO2.jpg,0,CALCA,FUNDO2,False,True
CALCA2b_NOITE_INDOOR_FUNDO2.jpg,0,CALCA,FUNDO2,False,True
CALCA2c_NOITE_INDOOR_FUNDO2.jpg,0,CALCA,FUNDO2,False,True
CALCA2a_NOITE_OUTDOOR_FUNDO2.jpg,0,CALCA,FUNDO2,False,False
CALCA2b_NOITE_OUTDOOR_FUNDO2.jpg,0,CALCA,FUNDO2,False,False
CALCA2c_NOITE_OUTDOOR_FUNDO2.jpg,0,CALCA,FUNDO2,False,False
CALCA2a_DIA_INDOOR_FUNDO3.jpg,0,CALCA,FUNDO3,True,True
CALCA2b_DIA_INDOOR_FUNDO3.jpg,0,CALCA,FUNDO3,True,True
CALCA2c_DIA_INDOOR_FUNDO3.jpg,0,CALCA,FUNDO3,True,True
CALCA2a_DIA_OUTDOOR_FUNDO3.jpg,0,CALCA,FUNDO3,True,False
CALCA2b_DIA_OUTDOOR_FUNDO3.jpg,0,CALCA,FUNDO3,True,False
CALCA2c_DIA_OUTDOOR_FUNDO3.jpg,0,CALCA,FUNDO3,True,False
CALCA2a_NOITE_INDOOR_FUNDO3.jpg,0,CALCA,FUNDO3,False,True
CALCA2b_NOITE_INDOOR_FUNDO3.jpg,0,CALCA,FUNDO3,False,True
CALCA2c_NOITE_INDOOR_FUNDO3.jpg,0,CALCA,FUNDO3,False,True
CALCA2a_NOITE_OUTDOOR_FUNDO3.jpg,0,CALCA,FUNDO3,False,False
CALCA2b_NOITE_OUTDOOR_FUNDO3.jpg,0,CALCA,FUNDO3,False,False
CALCA2c_NOITE_OUTDOOR_FUNDO3.jpg,0,CALCA,FUNDO3,False,False
CALCA3a_DIA_INDOOR_FUNDO1.jpg,0,CALCA,FUNDO1,True,True
CALCA3b_DIA_INDOOR_FUNDO1.jpg,0,CALCA,FUNDO1,True,True
CALCA3c_DIA_INDOOR_FUNDO1.jpg,0,CALCA,FUNDO1,True,True
CALCA3a_DIA_OUTDOOR_FUNDO1.jpg,0,CALCA,FUNDO1,True,False
CALCA3b_DIA_OUTDOOR_FUNDO1.jpg,0,CALCA,FUNDO1,True,False
CALCA3c_DIA_OUTDOOR_FUNDO1.jpg,0,CALCA,FUNDO1,True,False
CALCA3a_NOITE_INDOOR_FUNDO1.jpg,0,CALCA,FUNDO1,False,True
CALCA3b_NOITE_INDOOR_FUNDO1.jpg,0,CALCA,FUNDO1,False,True
CALCA3c_NOITE_INDOOR_FUNDO1.jpg,0,CALCA,FUNDO1,False,True
CALCA3a_NOITE_OUTDOOR_FUNDO1.jpg,0,CALCA,FUNDO1,False,False
CALCA3b_NOITE_OUTDOOR_FUNDO1.jpg,0,CALCA,FUNDO1,False,False
CALCA3c_NOITE_OUTDOOR_FUNDO1.jpg,0,CALCA,FUNDO1,False,False
CALCA3a_DIA_INDOOR_FUNDO2.jpg,0,CALCA,FUNDO2,True,True
CALCA3b_DIA_INDOOR_FUNDO2.jpg,0,CALCA,FUNDO2,True,True
CALCA3c_DIA_INDOOR_FUNDO2.jpg,0,CALCA,FUNDO2,True,True
CALCA3a_DIA_OUTDOOR_FUNDO2.jpg,0,CALCA,FUNDO2,True,False
CALCA3b_DIA_OUTDOOR_FUNDO2.jpg,0,CALCA,FUNDO2,True,False
CALCA3c_DIA_OUTDOOR_FUNDO2.jpg,0,CALCA,FUNDO2,True,False
CALCA3a_NOITE_INDOOR_FUNDO2.jpg,0,CALCA,FUNDO2,False,True
CALCA3b_NOITE_INDOOR_FUNDO2.jpg,0,CALCA,FUNDO2,False,True
CALCA3c_NOITE_INDOOR_FUNDO2.jpg,0,CALCA,FUNDO2,False,True
CALCA3a_NOITE_OUTDOOR_FUNDO2.jpg,0,CALCA,FUNDO2,False,False
CALCA3b_NOITE_OUTDOOR_FUNDO2.jpg,0,CALCA,FUNDO2,False,False
CALCA3c_NOITE_OUTDOOR_FUNDO2.jpg,0,CALCA,FUNDO2,False,False
CALCA3a_DIA_INDOOR_FUNDO3.jpg,0,CALCA,FUNDO3,True,True
CALCA3b_DIA_INDOOR_FUNDO3.jpg,0,CALCA,FUNDO3,True,True
CALCA3c_DIA_INDOOR_FUNDO3.jpg,0,CALCA,FUNDO3,True,True
CALCA3a_DIA_OUTDOOR_FUNDO3.jpg,0,CALCA,FUNDO3,True,False
CALCA3b_DIA_OUTDOOR_FUNDO3.jpg,0,CALCA,FUNDO3,True,False
CALCA3c_DIA_OUTDOOR_FUNDO3.jpg,0,CALCA,FUNDO3,True,False
CALCA3a_NOITE_INDOOR_FUNDO3.jpg,0,CALCA,FUNDO3,False,True
CALCA3b_NOITE_INDOOR_FUNDO3.jpg,0,CALCA,FUNDO3,False,True
CALCA3c_NOITE_INDOOR_FUNDO3.jpg,0,CALCA,FUNDO3,False,True
CALCA3a_NOITE_OUTDOOR_FUNDO3.jpg,0,CALCA,FUNDO3,False,False
CALCA3b_NOITE_OUTDOOR_FUNDO3.jpg,0,CALCA,FUNDO3,False,False
CALCA3c_NOITE_OUTDOOR_FUNDO3.jpg,0,CALCA,FUNDO3,False,False
CASACO1a_DIA_INDOOR_FUNDO1.jpg,0,CASACO,FUNDO1,True,True
CASACO1b_DIA_INDOOR_FUNDO1.jpg,0,CASACO,FUNDO1,True,True
CASACO1c_DIA_INDOOR_FUNDO1.jpg,0,CASACO,FUNDO1,True,True
CASACO1a_DIA_OUTDOOR_FUNDO1.jpg,0,CASACO,FUNDO1,True,False
CASACO1b_DIA_OUTDOOR_FUNDO1.jpg,0,CASACO,FUNDO1,True,False
CASACO1c_DIA_OUTDOOR_FUNDO1.jpg,0,CASACO,FUNDO1,True,False
CASACO1a_NOITE_INDOOR_FUNDO1.jpg,0,CASACO,FUNDO1,False,True
CASACO1b_NOITE_INDOOR_FUNDO1.jpg,0,CASACO,FUNDO1,False,True
CASACO1c_NOITE_INDOOR_FUNDO1.jpg,0,CASACO,FUNDO1,False,True
CASACO1a_NOITE_OUTDOOR_FUNDO1.jpg,0,CASACO,FUNDO1,False,False
CASACO1b_NOITE_OUTDOOR_FUNDO1.jpg,0,CASACO,FUNDO1,False,False
CASACO1c_NOITE_OUTDOOR_FUNDO1.jpg,0,CASACO,FUNDO1,False,False
CASACO1a_DIA_INDOOR_FUNDO2.jpg,0,CASACO,FUNDO2,True,True
CASACO1b_DIA_INDOOR_FUNDO2.jpg,0,CASACO,FUNDO2,True,True
CASACO1c_DIA_INDOOR_FUNDO2.jpg,0,CASACO,FUNDO2,True,True
CASACO1a_DIA_OUTDOOR_FUNDO2.jpg,0,CASACO,FUNDO2,True,False
CASACO1b_DIA_OUTDOOR_FUNDO2.jpg,0,CASACO,FUNDO2,True,False
CASACO1c_DIA_OUTDOOR_FUNDO2.jpg,0,CASACO,FUNDO2,True,False
CASACO1a_NOITE_INDOOR_FUNDO2.jpg,0,CASACO,FUNDO2,False,True
CASACO1b_NOITE_INDOOR_FUNDO2.jpg,0,CASACO,FUNDO2,False,True
CASACO1c_NOITE_INDOOR_FUNDO2.jpg,0,CASACO,FUNDO2,False,True
CASACO1a_NOITE_OUTDOOR_FUNDO2.jpg,0,CASACO,FUNDO2,False,False
CASACO1b_NOITE_OUTDOOR_FUNDO2.jpg,0,CASACO,FUNDO2,False,False
CASACO1c_NOITE_OUTDOOR_FUNDO2.jpg,0,CASACO,FUNDO2,False,False
CASACO1a_DIA_INDOOR_FUNDO3.jpg,0,CASACO,FUNDO3,True,True
CASACO1b_DIA_INDOOR_FUNDO3.jpg,0,CASACO,FUNDO3,True,True
CASACO1c_DIA_INDOOR_FUNDO3.jpg,0,CASACO,FUNDO3,True,True
CASACO1a_DIA_OUTDOOR_FUNDO3.jpg,0,CASACO,FUNDO3,True,False
CASACO1b_DIA_OUTDOOR_FUNDO3.jpg,0,CASACO,FUNDO3,True,False
CASACO1c_DIA_OUTDOOR_FUNDO3.jpg,0,CASACO,FUNDO3,True,False
CASACO1a_NOITE_INDOOR_FUNDO3.jpg,0,CASACO,FUNDO3,False,True
CASACO1b_NOITE_INDOOR_FUNDO3.jpg,0,CASACO,FUNDO3,False,True
CASACO1c_NOITE_INDOOR_FUNDO3.jpg,0,CASACO,FUNDO3,False,True
CASACO1a_NOITE_OUTDOOR_FUNDO3.jpg,0,CASACO,FUNDO3,False,False
CASACO1b_NOITE_OUTDOOR_FUNDO3.jpg,0,CASACO,FUNDO3,False,False
CASACO1c_NOITE_OUTDOOR_FUNDO3.jpg,0,CASACO,FUNDO3,False,False
CASACO2a_DIA_INDOOR_FUNDO1.jpg,0,CASACO,FUNDO1,True,True
CASACO2b_DIA_INDOOR_FUNDO1.jpg,0,CASACO,FUNDO1,True,True
CASACO2c_DIA_INDOOR_FUNDO1.jpg,0,CASACO,FUNDO1,True,True
CASACO2a_DIA_OUTDOOR_FUNDO1.jpg,0,CASACO,FUNDO1,True,False
CASACO2b_DIA_OUTDOOR_FUNDO1.jpg,0,CASACO,FUNDO1,True,False
CASACO2c_DIA_OUTDOOR_FUNDO1.jpg,0,CASACO,FUNDO1,True,False
CASACO2a_NOITE_INDOOR_FUNDO1.jpg,0,CASACO,FUNDO1,False,True
CASACO2b_NOITE_INDOOR_FUNDO1.jpg,0,CASACO,FUNDO1,False,True
CASACO2c_NOITE_INDOOR_FUNDO1.jpg,0,CASACO,FUNDO1,False,True
CASACO2a_NOITE_OUTDOOR_FUNDO1.jpg,0,CASACO,FUNDO1,False,False
CASACO2b_NOITE_OUTDOOR_FUNDO1.jpg,0,CASACO,FUNDO1,False,False
CASACO2c_NOITE_OUTDOOR_FUNDO1.jpg,0,CASACO,FUNDO1,False,False
CASACO2a_DIA_INDOOR_FUNDO2.jpg,0,CASACO,FUNDO2,True,True
CASACO2b_DIA_INDOOR_FUNDO2.jpg,0,CASACO,FUNDO2,True,True
CASACO2c_DIA_INDOOR_FUNDO2.jpg,0,CASACO,FUNDO2,True,True
CASACO2a_DIA_OUTDOOR_FUNDO2.jpg,0,CASACO,FUNDO2,True,False
CASACO2b_DIA_OUTDOOR_FUNDO2.jpg,0,CASACO,FUNDO2,True,False
CASACO2c_DIA_OUTDOOR_FUNDO2.jpg,0,CASACO,FUNDO2,True,False
CASACO2a_NOITE_INDOOR_FUNDO2.jpg,0,CASACO,FUNDO2,False,True
CASACO2b_NOITE_INDOOR_FUNDO2.jpg,0,CASACO,FUNDO2,False,True
CASACO2c_NOITE_INDOOR_FUNDO2.jpg,0,CASACO,FUNDO2,False,True
CASACO2a_NOITE_OUTDOOR_FUNDO2.jpg,0,CASACO,FUNDO2,False,False
CASACO2b_NOITE_OUTDOOR_FUNDO2.jpg,0,CASACO,FUNDO2,False,False
CASACO2c_NOITE_OUTDOOR_FUNDO2.jpg,0,CASACO,FUNDO2,False,False
CASACO2a_DIA_INDOOR_FUNDO3.jpg,0,CASACO,FUNDO3,True,True
CASACO2b_DIA_INDOOR_FUNDO3.jpg,0,CASACO,FUNDO3,True,True
CASACO2c_DIA_INDOOR_FUNDO3.jpg,0,CASACO,FUNDO3,True,True
CASACO2a_DIA_OUTDOOR_FUNDO3.jpg,0,CASACO,FUNDO3,True,False
CASACO2b_DIA_OUTDOOR_FUNDO3.jpg,0,CASACO,FUNDO3,True,False
CASACO2c_DIA_OUTDOOR_FUNDO3.jpg,0,CASACO,FUNDO3,True,False
CASACO2a_NOITE_INDOOR_FUNDO3.jpg,0,CASACO,FUNDO3,False,True
CASACO2b_NOITE_INDOOR_FUNDO3.jpg,0,CASACO,FUNDO3,False,True
CASACO2c_NOITE_INDOOR_FUNDO3.jpg,0,CASACO,FUNDO3,False,True
CASACO2a_NOITE_OUTDOOR_FUNDO3.jpg,0,CASACO,FUNDO3,False,False
CASACO2b_NOITE_OUTDOOR_FUNDO3.jpg,0,CASACO,FUNDO3,False,False
CASACO2c_NOITE_OUTDOOR_FUNDO3.jpg,0,CASACO,FUNDO3,False,False
CASACO3a_DIA_INDOOR_FUNDO1.jpg,0,CASACO,FUNDO1,True,True
CASACO3b_DIA_INDOOR_FUNDO1.jpg,0,CASACO,FUNDO1,True,True
CASACO3c_DIA_INDOOR_FUNDO1.jpg,0,CASACO,FUNDO1,True,True
CASACO3a_DIA_OUTDOOR_FUNDO1.jpg,0,CASACO,FUNDO1,True,False
CASACO3b_DIA_OUTDOOR_FUNDO1.jpg,0,CASACO,FUNDO1,True,False
CASACO3c_DIA_OUTDOOR_FUNDO1.jpg,0,CASACO,FUNDO1,True,False
CASACO3a_NOITE_INDOOR_FUNDO1.jpg,0,CASACO,FUNDO1,False,True
CASACO3b_NOITE_INDOOR_FUNDO1.jpg,0,CASACO,FUNDO1,False,True
CASACO3c_NOITE_INDOOR_FUNDO1.jpg,0,CASACO,FUNDO1,False,True
CASACO3a_NOITE_OUTDOOR_FUNDO1.jpg,0,CASACO,FUNDO1,False,False
CASACO3b_NOITE_OUTDOOR_FUNDO1.jpg,0,CASACO,FUNDO1,False,False
CASACO3c_NOITE_OUTDOOR_FUNDO1.jpg,0,CASACO,FUNDO1,False,False
CASACO3a_DIA_INDOOR_FUNDO2.jpg,0,CASACO,FUNDO2,True,True
CASACO3b_DIA_INDOOR_FUNDO2.jpg,0,CASACO,FUNDO2,True,True
CASACO3c_DIA_INDOOR_FUNDO2.jpg,0,CASACO,FUNDO2,True,True
CASACO3a_DIA_OUTDOOR_FUNDO2.jpg,0,CASACO,FUNDO2,True,False
CASACO3b_DIA_OUTDOOR_FUNDO2.jpg,0,CASACO,FUNDO2,True,False
CASACO3c_DIA_OUTDOOR_FUNDO2.jpg,0,CASACO,FUNDO2,True,False
CASACO3a_NOITE_INDOOR_FUNDO2.jpg,0,CASACO,FUNDO2,False,True
CASACO3b_NOITE_INDOOR_FUNDO2.jpg,0,CASACO,FUNDO2,False,True
CASACO3c_NOITE_INDOOR_FUNDO2.jpg,0,CASACO,FUNDO2,False,True
CASACO3a_NOITE_OUTDOOR_FUNDO2.jpg,0,CASACO,FUNDO2,False,False
CASACO3b_NOITE_OUTDOOR_FUNDO2.jpg,0,CASACO,FUNDO2,False,False
CASACO3c_NOITE_OUTDOOR_FUNDO2.jpg,0,CASACO,FUNDO2,False,False
CASACO3a_DIA_INDOOR_FUNDO3.jpg,0,CASACO,FUNDO3,True,True
CASACO3b_DIA_INDOOR_FUNDO3.jpg,0,CASACO,FUNDO3,True,True
CASACO3c_DIA_INDOOR_FUNDO3.jpg,0,CASACO,FUNDO3,True,True
CASACO3a_DIA_OUTDOOR_FUNDO3.jpg,0,CASACO,FUNDO3,True,False
CASACO3b_DIA_OUTDOOR_FUNDO3.jpg,0,CASACO,FUNDO3,True,False
CASACO3c_DIA_OUTDOOR_FUNDO3.jpg,0,CASACO,FUNDO3,True,False
CASACO3a_NOITE_INDOOR_FUNDO3.jpg,0,CASACO,FUNDO3,False,True
CASACO3b_NOITE_INDOOR_FUNDO3.jpg,0,CASACO,FUNDO3,False,True
CASACO3c_NOITE_INDOOR_FUNDO3.jpg,0,CASACO,FUNDO3,False,True
CASACO3a_NOITE_OUTDOOR_FUNDO3.jpg,0,CASACO,FUNDO3,False,False
CASACO3b_NOITE_OUTDOOR_FUNDO3.jpg,0,CASACO,FUNDO3,False,False
CASACO3c_NOITE_OUTDOOR_FUNDO3.jpg,0,CASACO,FUNDO3,False,False
CAMISETA1a_DIA_INDOOR_FUNDO1.jpg,0,CAMISETA,FUNDO1,True,True
CAMISETA1b_DIA_INDOOR_FUNDO1.jpg,0,CAMISETA,FUNDO1,True,True
CAMISETA1c_DIA_INDOOR_FUNDO1.jpg,0,CAMISETA,FUNDO1,True,True
CAMISETA1a_DIA_OUTDOOR_FUNDO1.jpg,0,CAMISETA,FUNDO1,True,False
CAMISETA1b_DIA_OUTDOOR_FUNDO1.jpg,0,CAMISETA,FUNDO1,True,False
CAMISETA1c_DIA_OUTDOOR_FUNDO1.jpg,0,CAMISETA,FUNDO1,True,False
CAMISETA1a_NOITE_INDOOR_FUNDO1.jpg,0,CAMISETA,FUNDO1,False,True
CAMISETA1b_NOITE_INDOOR_FUNDO1.jpg,0,CAMISETA,FUNDO1,False,True
CAMISETA1c_NOITE_INDOOR_FUNDO1.jpg,0,CAMISETA,FUNDO1,False,True
CAMISETA1a_NOITE_OUTDOOR_FUNDO1.jpg,0,CAMISETA,FUNDO1,False,False
CAMISETA1b_NOITE_OUTDOOR_FUNDO1.jpg,0,CAMISETA,FUNDO1,False,False
CAMISETA1c_NOITE_OUTDOOR_FUNDO1.jpg,0,CAMISETA,FUNDO1,False,False
CAMISETA1a_DIA_INDOOR_FUNDO2.jpg,0,CAMISETA,FUNDO2,True,True
CAMISETA1b_DIA_INDOOR_FUNDO2.jpg,0,CAMISETA,FUNDO2,True,True
CAMISETA1c_DIA_INDOOR_FUNDO2.jpg,0,CAMISETA,FUNDO2,True,True
CAMISETA1a_DIA_OUTDOOR_FUNDO2.jpg,0,CAMISETA,FUNDO2,True,False
CAMISETA1b_DIA_OUTDOOR_FUNDO2.jpg,0,CAMISETA,FUNDO2,True,False
CAMISETA1c_DIA_OUTDOOR_FUNDO2.jpg,0,CAMISETA,FUNDO2,True,False
CAMISETA1a_NOITE_INDOOR_FUNDO2.jpg,0,CAMISETA,FUNDO2,False,True
CAMISETA1b_NOITE_INDOOR_FUNDO2.jpg,0,CAMISETA,FUNDO2,False,True
CAMISETA1c_NOITE_INDOOR_FUNDO2.jpg,0,CAMISETA,FUNDO2,False,True
CAMISETA1a_NOITE_OUTDOOR_FUNDO2.jpg,0,CAMISETA,FUNDO2,False,False
CAMISETA1b_NOITE_OUTDOOR_FUNDO2.jpg,0,CAMISETA,FUNDO2,False,False
CAMISETA1c_NOITE_OUTDOOR_FUNDO2.jpg,0,CAMISETA,FUNDO2,False,False
CAMISETA1a_DIA_INDOOR_FUNDO3.jpg,0,CAMISETA,FUNDO3,True,True
CAMISETA1b_DIA_INDOOR_FUNDO3.jpg,0,CAMISETA,FUNDO3,True,True
CAMISETA1c_DIA_INDOOR_FUNDO3.jpg,0,CAMISETA,FUNDO3,True,True
CAMISETA1a_DIA_OUTDOOR_FUNDO3.jpg,0,CAMISETA,FUNDO3,True,False
CAMISETA1b_DIA_OUTDOOR_FUNDO3.jpg,0,CAMISETA,FUNDO3,True,False
CAMISETA1c_DIA_OUTDOOR_FUNDO3.jpg,0,CAMISETA,FUNDO3,True,False
CAMISETA1a_NOITE_INDOOR_FUNDO3.jpg,0,CAMISETA,FUNDO3,False,True
CAMISETA1b_NOITE_INDOOR_FUNDO3.jpg,0,CAMISETA,FUNDO3,False,True
CAMISETA1c_NOITE_INDOOR_FUNDO3.jpg,0,CAMISETA,FUNDO3,False,True
CAMISETA1a_NOITE_OUTDOOR_FUNDO3.jpg,0,CAMISETA,FUNDO3,False,False
CAMISETA1b_NOITE_OUTDOOR_FUNDO3.jpg,0,CAMISETA,FUNDO3,False,False
CAMISETA1c_NOITE_OUTDOOR_FUNDO3.jpg,0,CAMISETA,FUNDO3,False,False
CAMISETA2a_DIA_INDOOR_FUNDO1.jpg,0,CAMISETA,FUNDO1,True,True
CAMISETA2b_DIA_INDOOR_FUNDO1.jpg,0,CAMISETA,FUNDO1,True,True
CAMISETA2c_DIA_INDOOR_FUNDO1.jpg,0,CAMISETA,FUNDO1,True,True
CAMISETA2a_DIA_OUTDOOR_FUNDO1.jpg,0,CAMISETA,FUNDO1,True,False
CAMISETA2b_DIA_OUTDOOR_FUNDO1.jpg,0,CAMISETA,FUNDO1,True,False
CAMISETA2c_DIA_OUTDOOR_FUNDO1.jpg,0,CAMISETA,FUNDO1,True,False
CAMISETA2a_NOITE_INDOOR_FUNDO1.jpg,0,CAMISETA,FUNDO1,False,True
CAMISETA2b_NOITE_INDOOR_FUNDO1.jpg,0,CAMISETA,FUNDO1,False,True
CAMISETA2c_NOITE_INDOOR_FUNDO1.jpg,0,CAMISETA,FUNDO1,False,True
CAMISETA2a_NOITE_OUTDOOR_FUNDO1.jpg,0,CAMISETA,FUNDO1,False,False
CAMISETA2b_NOITE_OUTDOOR_FUNDO1.jpg,0,CAMISETA,FUNDO1,False,False
CAMISETA2c_NOITE_OUTDOOR_FUNDO1.jpg,0,CAMISETA,FUNDO1,False,False
CAMISETA2a_DIA_INDOOR_FUNDO2.jpg,0,CAMISETA,FUNDO2,True,True
CAMISETA2b_DIA_INDOOR_FUNDO2.jpg,0,CAMISETA,FUNDO2,True,True
CAMISETA2c_DIA_INDOOR_FUNDO2.jpg,0,CAMISETA,FUNDO2,True,True
CAMISETA2a_DIA_OUTDOOR_FUNDO2.jpg,0,CAMISETA,FUNDO2,True,False
CAMISETA2b_DIA_OUTDOOR_FUNDO2.jpg,0,CAMISETA,FUNDO2,True,False
CAMISETA2c_DIA_OUTDOOR_FUNDO2.jpg,0,CAMISETA,FUNDO2,True,False
CAMISETA2a_NOITE_INDOOR_FUNDO2.jpg,0,CAMISETA,FUNDO2,False,True
CAMISETA2b_NOITE_INDOOR_FUNDO2.jpg,0,CAMISETA,FUNDO2,False,True
CAMISETA2c_NOITE_INDOOR_FUNDO2.jpg,0,CAMISETA,FUNDO2,False,True
CAMISETA2a_NOITE_OUTDOOR_FUNDO2.jpg,0,CAMISETA,FUNDO2,False,False
CAMISETA2b_NOITE_OUTDOOR_FUNDO2.jpg,0,CAMISETA,FUNDO2,False,False
CAMISETA2c_NOITE_OUTDOOR_FUNDO2.jpg,0,CAMISETA,FUNDO2,False,False
CAMISETA2a_DIA_INDOOR_FUNDO3.jpg,0,CAMISETA,FUNDO3,True,True
CAMISETA2b_DIA_INDOOR_FUNDO3.jpg,0,CAMISETA,FUNDO3,True,True
CAMISETA2c_DIA_INDOOR_FUNDO3.jpg,0,CAMISETA,FUNDO3,True,True
CAMISETA2a_DIA_OUTDOOR_FUNDO3.jpg,0,CAMISETA,FUNDO3,True,False
CAMISETA2b_DIA_OUTDOOR_FUNDO3.jpg,0,CAMISETA,FUNDO3,True,False
CAMISETA2c_DIA_OUTDOOR_FUNDO3.jpg,0,CAMISETA,FUNDO3,True,False
CAMISETA2a_NOITE_INDOOR_FUNDO3.jpg,0,CAMISETA,FUNDO3,False,True
CAMISETA2b_NOITE_INDOOR_FUNDO3.jpg,0,CAMISETA,FUNDO3,False,True
CAMISETA2c_NOITE_INDOOR_FUNDO3.jpg,0,CAMISETA,FUNDO3,False,True
CAMISETA2a_NOITE_OUTDOOR_FUNDO3.jpg,0,CAMISETA,FUNDO3,False,False
CAMISETA2b_NOITE_OUTDOOR_FUNDO3.jpg,0,CAMISETA,FUNDO3,False,False
CAMISETA2c_NOITE_OUTDOOR_FUNDO3.jpg,0,CAMISETA,FUNDO3,False,False
CAMISETA3a_DIA_INDOOR_FUNDO1.jpg,0,CAMISETA,FUNDO1,True,True
CAMISETA3b_DIA_INDOOR_FUNDO1.jpg,0,CAMISETA,FUNDO1,True,True
CAMISETA3c_DIA_INDOOR_FUNDO1.jpg,0,CAMISETA,FUNDO1,True,True
CAMISETA3a_DIA_OUTDOOR_FUNDO1.jpg,0,CAMISETA,FUNDO1,True,False
CAMISETA3b_DIA_OUTDOOR_FUNDO1.jpg,0,CAMISETA,FUNDO1,True,False
CAMISETA3c_DIA_OUTDOOR_FUNDO1.jpg,0,CAMISETA,FUNDO1,True,False
CAMISETA3a_NOITE_INDOOR_FUNDO1.jpg,0,CAMISETA,FUNDO1,False,True
CAMISETA3b_NOITE_INDOOR_FUNDO1.jpg,0,CAMISETA,FUNDO1,False,True
CAMISETA3c_NOITE_INDOOR_FUNDO1.jpg,0,CAMISETA,FUNDO1,False,True
CAMISETA3a_NOITE_OUTDOOR_FUNDO1.jpg,0,CAMISETA,FUNDO1,False,False
CAMISETA3b_NOITE_OUTDOOR_FUNDO1.jpg,0,CAMISETA,FUNDO1,False,False
CAMISETA3c_NOITE_OUTDOOR_FUNDO1.jpg,0,CAMISETA,FUNDO1,False,False
CAMISETA3a_DIA_INDOOR_FUNDO2.jpg,0,CAMISETA,FUNDO2,True,True
CAMISETA3b_DIA_INDOOR_FUNDO2.jpg,0,CAMISETA,FUNDO2,True,True
CAMISETA3c_DIA_INDOOR_FUNDO2.jpg,0,CAMISETA,FUNDO2,True,True
CAMISETA3a_DIA_OUTDOOR_FUNDO2.jpg,0,CAMISETA,FUNDO2,True,False
CAMISETA3b_DIA_OUTDOOR_FUNDO2.jpg,0,CAMISETA,FUNDO2,True,False
CAMISETA3c_DIA_OUTDOOR_FUNDO2.jpg,0,CAMISETA,FUNDO2,True,False
CAMISETA3a_NOITE_INDOOR_FUNDO2.jpg,0,CAMISETA,FUNDO2,False,True
CAMISETA3b_NOITE_INDOOR_FUNDO2.jpg,0,CAMISETA,FUNDO2,False,True
CAMISETA3c_NOITE_INDOOR_FUNDO2.jpg,0,CAMISETA,FUNDO2,False,True
CAMISETA3a_NOITE_OUTDOOR_FUNDO2.jpg,0,CAMISETA,FUNDO2,False,False
CAMISETA3b_NOITE_OUTDOOR_FUNDO2.jpg,0,CAMISETA,FUNDO2,False,False
CAMISETA3c_NOITE_OUTDOOR_FUNDO2.jpg,0,CAMISETA,FUNDO2,False,False
CAMISETA3a_DIA_INDOOR_FUNDO3.jpg,0,CAMISETA,FUNDO3,True,True
CAMISETA3b_DIA_INDOOR_FUNDO3.jpg,0,CAMISETA,FUNDO3,True,True
CAMISETA3c_DIA_INDOOR_FUNDO3.jpg,0,CAMISETA,FUNDO3,True,True
CAMISETA3a_DIA_OUTDOOR_FUNDO3.jpg,0,CAMISETA,FUNDO3,True,False
CAMISETA3b_DIA_OUTDOOR_FUNDO3.jpg,0,CAMISETA,FUNDO3,True,False
CAMISETA3c_DIA_OUTDOOR_FUNDO3.jpg,0,CAMISETA,FUNDO3,True,False
CAMISETA3a_NOITE_INDOOR_FUNDO3.jpg,0,CAMISETA,FUNDO3,False,True
CAMISETA3b_NOITE_INDOOR_FUNDO3.jpg,0,CAMISETA,FUNDO3,False,True
CAMISETA3c_NOITE_INDOOR_FUNDO3.jpg,0,CAMISETA,FUNDO3,False,True
CAMISETA3a_NOITE_OUTDOOR_FUNDO3.jpg,0,CAMISETA,FUNDO3,False,False
CAMISETA3b_NOITE_OUTDOOR_FUNDO3.jpg,0,CAMISETA,FUNDO3,False,False
CAMISETA3c_NOITE_OUTDOOR_FUNDO3.jpg,0,CAMISETA,FUNDO3,False,False
